cve_ent,entidad,anio,trimestre,periodo,fecha_cierre,indice_shf,var_anual_pct
01,Aguascalientes,2005,1,2005T1,2005-03-31,47.05,
01,Aguascalientes,2005,2,2005T2,2005-06-30,48.86,
01,Aguascalientes,2005,3,2005T3,2005-09-30,50.17,
01,Aguascalientes,2005,4,2005T4,2005-12-31,50.2,
01,Aguascalientes,2006,1,2006T1,2006-03-31,50.95,8.29
01,Aguascalientes,2006,2,2006T2,2006-06-30,52.6,7.65
01,Aguascalientes,2006,3,2006T3,2006-09-30,53.56,6.76
01,Aguascalientes,2006,4,2006T4,2006-12-31,53.75,7.07
01,Aguascalientes,2007,1,2007T1,2007-03-31,54.1,6.18
01,Aguascalientes,2007,2,2007T2,2007-06-30,55.82,6.12
01,Aguascalientes,2007,3,2007T3,2007-09-30,57.12,6.65
01,Aguascalientes,2007,4,2007T4,2007-12-31,57.39,6.77
01,Aguascalientes,2008,1,2008T1,2008-03-31,57.42,6.14
01,Aguascalientes,2008,2,2008T2,2008-06-30,59.78,7.09
01,Aguascalientes,2008,3,2008T3,2008-09-30,61.92,8.4
01,Aguascalientes,2008,4,2008T4,2008-12-31,63.64,10.89
01,Aguascalientes,2009,1,2009T1,2009-03-31,65.37,13.85
01,Aguascalientes,2009,2,2009T2,2009-06-30,65.78,10.04
01,Aguascalientes,2009,3,2009T3,2009-09-30,65.93,6.48
01,Aguascalientes,2009,4,2009T4,2009-12-31,66.09,3.85
01,Aguascalientes,2010,1,2010T1,2010-03-31,66.47,1.68
01,Aguascalientes,2010,2,2010T2,2010-06-30,67.41,2.48
01,Aguascalientes,2010,3,2010T3,2010-09-30,68.37,3.7
01,Aguascalientes,2010,4,2010T4,2010-12-31,68.89,4.24
01,Aguascalientes,2011,1,2011T1,2011-03-31,69.58,4.68
01,Aguascalientes,2011,2,2011T2,2011-06-30,70.06,3.93
01,Aguascalientes,2011,3,2011T3,2011-09-30,70.48,3.09
01,Aguascalientes,2011,4,2011T4,2011-12-31,70.77,2.73
01,Aguascalientes,2012,1,2012T1,2012-03-31,71.05,2.11
01,Aguascalientes,2012,2,2012T2,2012-06-30,71.69,2.33
01,Aguascalientes,2012,3,2012T3,2012-09-30,72.26,2.53
01,Aguascalientes,2012,4,2012T4,2012-12-31,72.88,2.98
01,Aguascalientes,2013,1,2013T1,2013-03-31,74.57,4.95
01,Aguascalientes,2013,2,2013T2,2013-06-30,76.18,6.26
01,Aguascalientes,2013,3,2013T3,2013-09-30,77.61,7.4
01,Aguascalientes,2013,4,2013T4,2013-12-31,78.36,7.52
01,Aguascalientes,2014,1,2014T1,2014-03-31,79.39,6.46
01,Aguascalientes,2014,2,2014T2,2014-06-30,79.81,4.77
01,Aguascalientes,2014,3,2014T3,2014-09-30,80.3,3.47
01,Aguascalientes,2014,4,2014T4,2014-12-31,81.47,3.97
01,Aguascalientes,2015,1,2015T1,2015-03-31,82.88,4.4
01,Aguascalientes,2015,2,2015T2,2015-06-30,86.0,7.76
01,Aguascalientes,2015,3,2015T3,2015-09-30,88.72,10.49
01,Aguascalientes,2015,4,2015T4,2015-12-31,89.78,10.2
01,Aguascalientes,2016,1,2016T1,2016-03-31,91.0,9.8
01,Aguascalientes,2016,2,2016T2,2016-06-30,92.55,7.62
01,Aguascalientes,2016,3,2016T3,2016-09-30,93.76,5.68
01,Aguascalientes,2016,4,2016T4,2016-12-31,94.68,5.46
01,Aguascalientes,2017,1,2017T1,2017-03-31,97.2,6.81
01,Aguascalientes,2017,2,2017T2,2017-06-30,99.2,7.19
01,Aguascalientes,2017,3,2017T3,2017-09-30,100.97,7.69
01,Aguascalientes,2017,4,2017T4,2017-12-31,102.64,8.41
01,Aguascalientes,2018,1,2018T1,2018-03-31,105.21,8.24
01,Aguascalientes,2018,2,2018T2,2018-06-30,107.34,8.21
01,Aguascalientes,2018,3,2018T3,2018-09-30,109.43,8.38
01,Aguascalientes,2018,4,2018T4,2018-12-31,111.2,8.34
01,Aguascalientes,2019,1,2019T1,2019-03-31,113.75,8.12
01,Aguascalientes,2019,2,2019T2,2019-06-30,116.37,8.41
01,Aguascalientes,2019,3,2019T3,2019-09-30,118.69,8.46
01,Aguascalientes,2019,4,2019T4,2019-12-31,120.54,8.4
01,Aguascalientes,2020,1,2020T1,2020-03-31,122.59,7.77
01,Aguascalientes,2020,2,2020T2,2020-06-30,124.05,6.6
01,Aguascalientes,2020,3,2020T3,2020-09-30,125.6,5.82
01,Aguascalientes,2020,4,2020T4,2020-12-31,127.65,5.9
01,Aguascalientes,2021,1,2021T1,2021-03-31,130.64,6.57
01,Aguascalientes,2021,2,2021T2,2021-06-30,133.01,7.22
01,Aguascalientes,2021,3,2021T3,2021-09-30,134.35,6.97
01,Aguascalientes,2021,4,2021T4,2021-12-31,135.27,5.97
01,Aguascalientes,2022,1,2022T1,2022-03-31,138.09,5.7
01,Aguascalientes,2022,2,2022T2,2022-06-30,141.99,6.75
01,Aguascalientes,2022,3,2022T3,2022-09-30,146.12,8.76
01,Aguascalientes,2022,4,2022T4,2022-12-31,149.14,10.25
01,Aguascalientes,2023,1,2023T1,2023-03-31,153.64,11.26
01,Aguascalientes,2023,2,2023T2,2023-06-30,157.24,10.74
01,Aguascalientes,2023,3,2023T3,2023-09-30,160.47,9.82
01,Aguascalientes,2023,4,2023T4,2023-12-31,164.27,10.14
01,Aguascalientes,2024,1,2024T1,2024-03-31,168.23,9.5
01,Aguascalientes,2024,2,2024T2,2024-06-30,171.52,9.08
01,Aguascalientes,2024,3,2024T3,2024-09-30,175.04,9.08
01,Aguascalientes,2024,4,2024T4,2024-12-31,177.53,8.07
01,Aguascalientes,2025,1,2025T1,2025-03-31,182.61,8.55
01,Aguascalientes,2025,2,2025T2,2025-06-30,188.8,10.07
01,Aguascalientes,2025,3,2025T3,2025-09-30,194.4,11.06
01,Aguascalientes,2025,4,2025T4,2025-12-31,198.96,12.07
01,Aguascalientes,2026,1,2026T1,2026-03-31,203.56,11.47
01,Aguascalientes,2026,2,2026T2,2026-06-30,207.54,9.93
02,Baja California,2005,1,2005T1,2005-03-31,52.25,
02,Baja California,2005,2,2005T2,2005-06-30,53.81,
02,Baja California,2005,3,2005T3,2005-09-30,54.65,
02,Baja California,2005,4,2005T4,2005-12-31,54.78,
02,Baja California,2006,1,2006T1,2006-03-31,56.22,7.6
02,Baja California,2006,2,2006T2,2006-06-30,58.03,7.84
02,Baja California,2006,3,2006T3,2006-09-30,59.38,8.66
02,Baja California,2006,4,2006T4,2006-12-31,59.84,9.24
02,Baja California,2007,1,2007T1,2007-03-31,61.42,9.25
02,Baja California,2007,2,2007T2,2007-06-30,63.11,8.75
02,Baja California,2007,3,2007T3,2007-09-30,64.26,8.22
02,Baja California,2007,4,2007T4,2007-12-31,64.28,7.42
02,Baja California,2008,1,2008T1,2008-03-31,65.02,5.86
02,Baja California,2008,2,2008T2,2008-06-30,66.62,5.56
02,Baja California,2008,3,2008T3,2008-09-30,68.0,5.82
02,Baja California,2008,4,2008T4,2008-12-31,68.43,6.46
02,Baja California,2009,1,2009T1,2009-03-31,69.45,6.81
02,Baja California,2009,2,2009T2,2009-06-30,70.44,5.73
02,Baja California,2009,3,2009T3,2009-09-30,70.25,3.31
02,Baja California,2009,4,2009T4,2009-12-31,69.45,1.49
02,Baja California,2010,1,2010T1,2010-03-31,69.42,-0.04
02,Baja California,2010,2,2010T2,2010-06-30,69.57,-1.24
02,Baja California,2010,3,2010T3,2010-09-30,70.29,0.06
02,Baja California,2010,4,2010T4,2010-12-31,71.45,2.88
02,Baja California,2011,1,2011T1,2011-03-31,72.99,5.14
02,Baja California,2011,2,2011T2,2011-06-30,74.14,6.57
02,Baja California,2011,3,2011T3,2011-09-30,74.87,6.52
02,Baja California,2011,4,2011T4,2011-12-31,75.22,5.28
02,Baja California,2012,1,2012T1,2012-03-31,75.5,3.44
02,Baja California,2012,2,2012T2,2012-06-30,75.78,2.21
02,Baja California,2012,3,2012T3,2012-09-30,76.26,1.86
02,Baja California,2012,4,2012T4,2012-12-31,77.01,2.38
02,Baja California,2013,1,2013T1,2013-03-31,78.09,3.43
02,Baja California,2013,2,2013T2,2013-06-30,79.5,4.91
02,Baja California,2013,3,2013T3,2013-09-30,80.75,5.89
02,Baja California,2013,4,2013T4,2013-12-31,81.17,5.4
02,Baja California,2014,1,2014T1,2014-03-31,82.05,5.07
02,Baja California,2014,2,2014T2,2014-06-30,82.36,3.6
02,Baja California,2014,3,2014T3,2014-09-30,82.8,2.54
02,Baja California,2014,4,2014T4,2014-12-31,83.66,3.07
02,Baja California,2015,1,2015T1,2015-03-31,84.97,3.56
02,Baja California,2015,2,2015T2,2015-06-30,87.54,6.29
02,Baja California,2015,3,2015T3,2015-09-30,89.86,8.53
02,Baja California,2015,4,2015T4,2015-12-31,90.57,8.26
02,Baja California,2016,1,2016T1,2016-03-31,91.42,7.59
02,Baja California,2016,2,2016T2,2016-06-30,93.04,6.28
02,Baja California,2016,3,2016T3,2016-09-30,94.26,4.9
02,Baja California,2016,4,2016T4,2016-12-31,94.95,4.84
02,Baja California,2017,1,2017T1,2017-03-31,97.25,6.38
02,Baja California,2017,2,2017T2,2017-06-30,99.16,6.58
02,Baja California,2017,3,2017T3,2017-09-30,100.84,6.98
02,Baja California,2017,4,2017T4,2017-12-31,102.76,8.23
02,Baja California,2018,1,2018T1,2018-03-31,105.75,8.74
02,Baja California,2018,2,2018T2,2018-06-30,108.09,9.01
02,Baja California,2018,3,2018T3,2018-09-30,110.31,9.39
02,Baja California,2018,4,2018T4,2018-12-31,112.65,9.62
02,Baja California,2019,1,2019T1,2019-03-31,115.21,8.95
02,Baja California,2019,2,2019T2,2019-06-30,117.75,8.94
02,Baja California,2019,3,2019T3,2019-09-30,120.21,8.97
02,Baja California,2019,4,2019T4,2019-12-31,122.38,8.64
02,Baja California,2020,1,2020T1,2020-03-31,124.64,8.19
02,Baja California,2020,2,2020T2,2020-06-30,126.57,7.49
02,Baja California,2020,3,2020T3,2020-09-30,128.67,7.04
02,Baja California,2020,4,2020T4,2020-12-31,131.69,7.61
02,Baja California,2021,1,2021T1,2021-03-31,135.91,9.04
02,Baja California,2021,2,2021T2,2021-06-30,139.73,10.4
02,Baja California,2021,3,2021T3,2021-09-30,142.71,10.91
02,Baja California,2021,4,2021T4,2021-12-31,145.14,10.21
02,Baja California,2022,1,2022T1,2022-03-31,149.12,9.72
02,Baja California,2022,2,2022T2,2022-06-30,154.68,10.7
02,Baja California,2022,3,2022T3,2022-09-30,160.66,12.58
02,Baja California,2022,4,2022T4,2022-12-31,165.72,14.18
02,Baja California,2023,1,2023T1,2023-03-31,171.33,14.89
02,Baja California,2023,2,2023T2,2023-06-30,176.13,13.87
02,Baja California,2023,3,2023T3,2023-09-30,181.57,13.02
02,Baja California,2023,4,2023T4,2023-12-31,186.51,12.55
02,Baja California,2024,1,2024T1,2024-03-31,192.9,12.59
02,Baja California,2024,2,2024T2,2024-06-30,198.45,12.67
02,Baja California,2024,3,2024T3,2024-09-30,203.41,12.03
02,Baja California,2024,4,2024T4,2024-12-31,208.01,11.53
02,Baja California,2025,1,2025T1,2025-03-31,214.66,11.28
02,Baja California,2025,2,2025T2,2025-06-30,221.86,11.8
02,Baja California,2025,3,2025T3,2025-09-30,227.83,12.01
02,Baja California,2025,4,2025T4,2025-12-31,233.0,12.01
02,Baja California,2026,1,2026T1,2026-03-31,238.01,10.88
02,Baja California,2026,2,2026T2,2026-06-30,241.66,8.92
03,Baja California Sur,2005,1,2005T1,2005-03-31,50.89,
03,Baja California Sur,2005,2,2005T2,2005-06-30,52.72,
03,Baja California Sur,2005,3,2005T3,2005-09-30,53.58,
03,Baja California Sur,2005,4,2005T4,2005-12-31,53.83,
03,Baja California Sur,2006,1,2006T1,2006-03-31,54.97,8.02
03,Baja California Sur,2006,2,2006T2,2006-06-30,56.89,7.91
03,Baja California Sur,2006,3,2006T3,2006-09-30,58.48,9.15
03,Baja California Sur,2006,4,2006T4,2006-12-31,59.2,9.98
03,Baja California Sur,2007,1,2007T1,2007-03-31,60.78,10.57
03,Baja California Sur,2007,2,2007T2,2007-06-30,62.79,10.37
03,Baja California Sur,2007,3,2007T3,2007-09-30,64.12,9.64
03,Baja California Sur,2007,4,2007T4,2007-12-31,64.4,8.78
03,Baja California Sur,2008,1,2008T1,2008-03-31,64.7,6.45
03,Baja California Sur,2008,2,2008T2,2008-06-30,66.34,5.65
03,Baja California Sur,2008,3,2008T3,2008-09-30,67.92,5.93
03,Baja California Sur,2008,4,2008T4,2008-12-31,68.35,6.13
03,Baja California Sur,2009,1,2009T1,2009-03-31,69.41,7.28
03,Baja California Sur,2009,2,2009T2,2009-06-30,70.45,6.2
03,Baja California Sur,2009,3,2009T3,2009-09-30,70.21,3.37
03,Baja California Sur,2009,4,2009T4,2009-12-31,69.21,1.26
03,Baja California Sur,2010,1,2010T1,2010-03-31,69.06,-0.5
03,Baja California Sur,2010,2,2010T2,2010-06-30,69.29,-1.65
03,Baja California Sur,2010,3,2010T3,2010-09-30,70.17,-0.06
03,Baja California Sur,2010,4,2010T4,2010-12-31,71.85,3.81
03,Baja California Sur,2011,1,2011T1,2011-03-31,73.9,7.01
03,Baja California Sur,2011,2,2011T2,2011-06-30,75.16,8.47
03,Baja California Sur,2011,3,2011T3,2011-09-30,75.75,7.95
03,Baja California Sur,2011,4,2011T4,2011-12-31,75.93,5.68
03,Baja California Sur,2012,1,2012T1,2012-03-31,76.09,2.96
03,Baja California Sur,2012,2,2012T2,2012-06-30,76.3,1.52
03,Baja California Sur,2012,3,2012T3,2012-09-30,76.84,1.44
03,Baja California Sur,2012,4,2012T4,2012-12-31,77.62,2.23
03,Baja California Sur,2013,1,2013T1,2013-03-31,78.63,3.34
03,Baja California Sur,2013,2,2013T2,2013-06-30,79.97,4.81
03,Baja California Sur,2013,3,2013T3,2013-09-30,81.28,5.78
03,Baja California Sur,2013,4,2013T4,2013-12-31,81.69,5.24
03,Baja California Sur,2014,1,2014T1,2014-03-31,82.64,5.1
03,Baja California Sur,2014,2,2014T2,2014-06-30,83.09,3.9
03,Baja California Sur,2014,3,2014T3,2014-09-30,83.46,2.68
03,Baja California Sur,2014,4,2014T4,2014-12-31,84.26,3.15
03,Baja California Sur,2015,1,2015T1,2015-03-31,85.46,3.41
03,Baja California Sur,2015,2,2015T2,2015-06-30,88.04,5.96
03,Baja California Sur,2015,3,2015T3,2015-09-30,90.21,8.09
03,Baja California Sur,2015,4,2015T4,2015-12-31,90.93,7.92
03,Baja California Sur,2016,1,2016T1,2016-03-31,91.84,7.47
03,Baja California Sur,2016,2,2016T2,2016-06-30,93.48,6.18
03,Baja California Sur,2016,3,2016T3,2016-09-30,94.82,5.11
03,Baja California Sur,2016,4,2016T4,2016-12-31,95.48,5.0
03,Baja California Sur,2017,1,2017T1,2017-03-31,97.61,6.28
03,Baja California Sur,2017,2,2017T2,2017-06-30,99.4,6.33
03,Baja California Sur,2017,3,2017T3,2017-09-30,100.76,6.26
03,Baja California Sur,2017,4,2017T4,2017-12-31,102.23,7.07
03,Baja California Sur,2018,1,2018T1,2018-03-31,105.16,7.73
03,Baja California Sur,2018,2,2018T2,2018-06-30,107.47,8.12
03,Baja California Sur,2018,3,2018T3,2018-09-30,109.88,9.05
03,Baja California Sur,2018,4,2018T4,2018-12-31,112.59,10.13
03,Baja California Sur,2019,1,2019T1,2019-03-31,115.24,9.59
03,Baja California Sur,2019,2,2019T2,2019-06-30,117.88,9.69
03,Baja California Sur,2019,3,2019T3,2019-09-30,120.34,9.52
03,Baja California Sur,2019,4,2019T4,2019-12-31,122.51,8.81
03,Baja California Sur,2020,1,2020T1,2020-03-31,125.05,8.51
03,Baja California Sur,2020,2,2020T2,2020-06-30,127.13,7.85
03,Baja California Sur,2020,3,2020T3,2020-09-30,129.43,7.55
03,Baja California Sur,2020,4,2020T4,2020-12-31,133.06,8.61
03,Baja California Sur,2021,1,2021T1,2021-03-31,138.0,10.36
03,Baja California Sur,2021,2,2021T2,2021-06-30,142.53,12.11
03,Baja California Sur,2021,3,2021T3,2021-09-30,146.47,13.17
03,Baja California Sur,2021,4,2021T4,2021-12-31,149.89,12.65
03,Baja California Sur,2022,1,2022T1,2022-03-31,154.56,12.0
03,Baja California Sur,2022,2,2022T2,2022-06-30,160.92,12.9
03,Baja California Sur,2022,3,2022T3,2022-09-30,167.98,14.69
03,Baja California Sur,2022,4,2022T4,2022-12-31,173.88,16.01
03,Baja California Sur,2023,1,2023T1,2023-03-31,181.41,17.37
03,Baja California Sur,2023,2,2023T2,2023-06-30,188.89,17.38
03,Baja California Sur,2023,3,2023T3,2023-09-30,196.17,16.78
03,Baja California Sur,2023,4,2023T4,2023-12-31,202.01,16.18
03,Baja California Sur,2024,1,2024T1,2024-03-31,208.64,15.01
03,Baja California Sur,2024,2,2024T2,2024-06-30,213.77,13.17
03,Baja California Sur,2024,3,2024T3,2024-09-30,219.19,11.73
03,Baja California Sur,2024,4,2024T4,2024-12-31,224.97,11.37
03,Baja California Sur,2025,1,2025T1,2025-03-31,232.23,11.31
03,Baja California Sur,2025,2,2025T2,2025-06-30,240.56,12.53
03,Baja California Sur,2025,3,2025T3,2025-09-30,246.91,12.65
03,Baja California Sur,2025,4,2025T4,2025-12-31,252.05,12.04
03,Baja California Sur,2026,1,2026T1,2026-03-31,257.47,10.87
03,Baja California Sur,2026,2,2026T2,2026-06-30,261.44,8.68
04,Campeche,2005,1,2005T1,2005-03-31,48.7,
04,Campeche,2005,2,2005T2,2005-06-30,50.26,
04,Campeche,2005,3,2005T3,2005-09-30,51.16,
04,Campeche,2005,4,2005T4,2005-12-31,51.1,
04,Campeche,2006,1,2006T1,2006-03-31,52.64,8.09
04,Campeche,2006,2,2006T2,2006-06-30,54.36,8.16
04,Campeche,2006,3,2006T3,2006-09-30,55.54,8.56
04,Campeche,2006,4,2006T4,2006-12-31,56.21,10.0
04,Campeche,2007,1,2007T1,2007-03-31,58.05,10.28
04,Campeche,2007,2,2007T2,2007-06-30,59.58,9.6
04,Campeche,2007,3,2007T3,2007-09-30,60.43,8.8
04,Campeche,2007,4,2007T4,2007-12-31,60.05,6.83
04,Campeche,2008,1,2008T1,2008-03-31,60.66,4.5
04,Campeche,2008,2,2008T2,2008-06-30,61.88,3.86
04,Campeche,2008,3,2008T3,2008-09-30,63.06,4.35
04,Campeche,2008,4,2008T4,2008-12-31,63.43,5.63
04,Campeche,2009,1,2009T1,2009-03-31,64.27,5.95
04,Campeche,2009,2,2009T2,2009-06-30,65.28,5.49
04,Campeche,2009,3,2009T3,2009-09-30,65.27,3.5
04,Campeche,2009,4,2009T4,2009-12-31,64.44,1.59
04,Campeche,2010,1,2010T1,2010-03-31,64.49,0.34
04,Campeche,2010,2,2010T2,2010-06-30,64.83,-0.69
04,Campeche,2010,3,2010T3,2010-09-30,65.77,0.77
04,Campeche,2010,4,2010T4,2010-12-31,67.32,4.47
04,Campeche,2011,1,2011T1,2011-03-31,69.0,6.99
04,Campeche,2011,2,2011T2,2011-06-30,70.08,8.1
04,Campeche,2011,3,2011T3,2011-09-30,70.57,7.3
04,Campeche,2011,4,2011T4,2011-12-31,70.78,5.14
04,Campeche,2012,1,2012T1,2012-03-31,71.04,2.96
04,Campeche,2012,2,2012T2,2012-06-30,71.53,2.07
04,Campeche,2012,3,2012T3,2012-09-30,72.33,2.49
04,Campeche,2012,4,2012T4,2012-12-31,73.33,3.6
04,Campeche,2013,1,2013T1,2013-03-31,74.79,5.28
04,Campeche,2013,2,2013T2,2013-06-30,76.46,6.89
04,Campeche,2013,3,2013T3,2013-09-30,77.91,7.71
04,Campeche,2013,4,2013T4,2013-12-31,78.73,7.36
04,Campeche,2014,1,2014T1,2014-03-31,79.89,6.82
04,Campeche,2014,2,2014T2,2014-06-30,80.57,5.38
04,Campeche,2014,3,2014T3,2014-09-30,81.35,4.42
04,Campeche,2014,4,2014T4,2014-12-31,82.21,4.42
04,Campeche,2015,1,2015T1,2015-03-31,83.79,4.88
04,Campeche,2015,2,2015T2,2015-06-30,86.7,7.61
04,Campeche,2015,3,2015T3,2015-09-30,89.33,9.81
04,Campeche,2015,4,2015T4,2015-12-31,90.56,10.16
04,Campeche,2016,1,2016T1,2016-03-31,91.56,9.27
04,Campeche,2016,2,2016T2,2016-06-30,93.18,7.47
04,Campeche,2016,3,2016T3,2016-09-30,94.31,5.57
04,Campeche,2016,4,2016T4,2016-12-31,94.79,4.67
04,Campeche,2017,1,2017T1,2017-03-31,97.15,6.11
04,Campeche,2017,2,2017T2,2017-06-30,99.17,6.43
04,Campeche,2017,3,2017T3,2017-09-30,100.96,7.05
04,Campeche,2017,4,2017T4,2017-12-31,102.72,8.37
04,Campeche,2018,1,2018T1,2018-03-31,105.61,8.71
04,Campeche,2018,2,2018T2,2018-06-30,108.0,8.9
04,Campeche,2018,3,2018T3,2018-09-30,110.31,9.26
04,Campeche,2018,4,2018T4,2018-12-31,112.68,9.7
04,Campeche,2019,1,2019T1,2019-03-31,115.17,9.05
04,Campeche,2019,2,2019T2,2019-06-30,117.35,8.66
04,Campeche,2019,3,2019T3,2019-09-30,119.32,8.17
04,Campeche,2019,4,2019T4,2019-12-31,121.25,7.61
04,Campeche,2020,1,2020T1,2020-03-31,123.41,7.15
04,Campeche,2020,2,2020T2,2020-06-30,125.25,6.73
04,Campeche,2020,3,2020T3,2020-09-30,127.27,6.66
04,Campeche,2020,4,2020T4,2020-12-31,130.3,7.46
04,Campeche,2021,1,2021T1,2021-03-31,134.25,8.78
04,Campeche,2021,2,2021T2,2021-06-30,138.23,10.36
04,Campeche,2021,3,2021T3,2021-09-30,141.28,11.01
04,Campeche,2021,4,2021T4,2021-12-31,143.78,10.35
04,Campeche,2022,1,2022T1,2022-03-31,147.36,9.77
04,Campeche,2022,2,2022T2,2022-06-30,152.07,10.01
04,Campeche,2022,3,2022T3,2022-09-30,157.18,11.25
04,Campeche,2022,4,2022T4,2022-12-31,160.8,11.84
04,Campeche,2023,1,2023T1,2023-03-31,165.73,12.47
04,Campeche,2023,2,2023T2,2023-06-30,169.63,11.55
04,Campeche,2023,3,2023T3,2023-09-30,173.69,10.5
04,Campeche,2023,4,2023T4,2023-12-31,176.9,10.01
04,Campeche,2024,1,2024T1,2024-03-31,182.17,9.92
04,Campeche,2024,2,2024T2,2024-06-30,187.05,10.27
04,Campeche,2024,3,2024T3,2024-09-30,191.13,10.04
04,Campeche,2024,4,2024T4,2024-12-31,194.99,10.23
04,Campeche,2025,1,2025T1,2025-03-31,200.42,10.02
04,Campeche,2025,2,2025T2,2025-06-30,204.65,9.41
04,Campeche,2025,3,2025T3,2025-09-30,207.87,8.76
04,Campeche,2025,4,2025T4,2025-12-31,210.59,8.0
04,Campeche,2026,1,2026T1,2026-03-31,214.9,7.22
04,Campeche,2026,2,2026T2,2026-06-30,218.87,6.95
05,Coahuila,2005,1,2005T1,2005-03-31,51.4,
05,Coahuila,2005,2,2005T2,2005-06-30,52.43,
05,Coahuila,2005,3,2005T3,2005-09-30,53.11,
05,Coahuila,2005,4,2005T4,2005-12-31,52.87,
05,Coahuila,2006,1,2006T1,2006-03-31,53.82,4.71
05,Coahuila,2006,2,2006T2,2006-06-30,55.01,4.92
05,Coahuila,2006,3,2006T3,2006-09-30,55.84,5.14
05,Coahuila,2006,4,2006T4,2006-12-31,56.09,6.09
05,Coahuila,2007,1,2007T1,2007-03-31,57.42,6.69
05,Coahuila,2007,2,2007T2,2007-06-30,58.89,7.05
05,Coahuila,2007,3,2007T3,2007-09-30,59.56,6.66
05,Coahuila,2007,4,2007T4,2007-12-31,59.13,5.42
05,Coahuila,2008,1,2008T1,2008-03-31,59.67,3.92
05,Coahuila,2008,2,2008T2,2008-06-30,60.9,3.41
05,Coahuila,2008,3,2008T3,2008-09-30,62.08,4.23
05,Coahuila,2008,4,2008T4,2008-12-31,62.37,5.48
05,Coahuila,2009,1,2009T1,2009-03-31,63.21,5.93
05,Coahuila,2009,2,2009T2,2009-06-30,64.27,5.53
05,Coahuila,2009,3,2009T3,2009-09-30,64.79,4.37
05,Coahuila,2009,4,2009T4,2009-12-31,65.0,4.22
05,Coahuila,2010,1,2010T1,2010-03-31,65.29,3.29
05,Coahuila,2010,2,2010T2,2010-06-30,66.09,2.83
05,Coahuila,2010,3,2010T3,2010-09-30,67.3,3.87
05,Coahuila,2010,4,2010T4,2010-12-31,68.68,5.66
05,Coahuila,2011,1,2011T1,2011-03-31,70.79,8.42
05,Coahuila,2011,2,2011T2,2011-06-30,72.23,9.29
05,Coahuila,2011,3,2011T3,2011-09-30,73.01,8.48
05,Coahuila,2011,4,2011T4,2011-12-31,73.69,7.29
05,Coahuila,2012,1,2012T1,2012-03-31,74.11,4.69
05,Coahuila,2012,2,2012T2,2012-06-30,74.79,3.54
05,Coahuila,2012,3,2012T3,2012-09-30,75.63,3.59
05,Coahuila,2012,4,2012T4,2012-12-31,76.19,3.39
05,Coahuila,2013,1,2013T1,2013-03-31,77.16,4.12
05,Coahuila,2013,2,2013T2,2013-06-30,78.44,4.88
05,Coahuila,2013,3,2013T3,2013-09-30,79.4,4.98
05,Coahuila,2013,4,2013T4,2013-12-31,79.97,4.96
05,Coahuila,2014,1,2014T1,2014-03-31,80.93,4.89
05,Coahuila,2014,2,2014T2,2014-06-30,81.04,3.31
05,Coahuila,2014,3,2014T3,2014-09-30,81.55,2.71
05,Coahuila,2014,4,2014T4,2014-12-31,82.63,3.33
05,Coahuila,2015,1,2015T1,2015-03-31,84.13,3.95
05,Coahuila,2015,2,2015T2,2015-06-30,87.25,7.66
05,Coahuila,2015,3,2015T3,2015-09-30,89.82,10.14
05,Coahuila,2015,4,2015T4,2015-12-31,90.6,9.65
05,Coahuila,2016,1,2016T1,2016-03-31,91.56,8.83
05,Coahuila,2016,2,2016T2,2016-06-30,93.22,6.84
05,Coahuila,2016,3,2016T3,2016-09-30,94.52,5.23
05,Coahuila,2016,4,2016T4,2016-12-31,95.54,5.45
05,Coahuila,2017,1,2017T1,2017-03-31,97.84,6.86
05,Coahuila,2017,2,2017T2,2017-06-30,99.39,6.62
05,Coahuila,2017,3,2017T3,2017-09-30,100.81,6.65
05,Coahuila,2017,4,2017T4,2017-12-31,101.96,6.72
05,Coahuila,2018,1,2018T1,2018-03-31,104.28,6.58
05,Coahuila,2018,2,2018T2,2018-06-30,106.14,6.79
05,Coahuila,2018,3,2018T3,2018-09-30,108.35,7.48
05,Coahuila,2018,4,2018T4,2018-12-31,110.62,8.49
05,Coahuila,2019,1,2019T1,2019-03-31,113.05,8.41
05,Coahuila,2019,2,2019T2,2019-06-30,115.4,8.72
05,Coahuila,2019,3,2019T3,2019-09-30,117.21,8.18
05,Coahuila,2019,4,2019T4,2019-12-31,118.78,7.38
05,Coahuila,2020,1,2020T1,2020-03-31,120.88,6.93
05,Coahuila,2020,2,2020T2,2020-06-30,122.58,6.22
05,Coahuila,2020,3,2020T3,2020-09-30,124.27,6.02
05,Coahuila,2020,4,2020T4,2020-12-31,126.63,6.61
05,Coahuila,2021,1,2021T1,2021-03-31,130.24,7.74
05,Coahuila,2021,2,2021T2,2021-06-30,133.34,8.78
05,Coahuila,2021,3,2021T3,2021-09-30,135.37,8.93
05,Coahuila,2021,4,2021T4,2021-12-31,136.85,8.07
05,Coahuila,2022,1,2022T1,2022-03-31,139.67,7.24
05,Coahuila,2022,2,2022T2,2022-06-30,143.8,7.84
05,Coahuila,2022,3,2022T3,2022-09-30,148.85,9.96
05,Coahuila,2022,4,2022T4,2022-12-31,153.36,12.06
05,Coahuila,2023,1,2023T1,2023-03-31,158.49,13.47
05,Coahuila,2023,2,2023T2,2023-06-30,162.95,13.32
05,Coahuila,2023,3,2023T3,2023-09-30,166.62,11.94
05,Coahuila,2023,4,2023T4,2023-12-31,170.03,10.87
05,Coahuila,2024,1,2024T1,2024-03-31,173.64,9.56
05,Coahuila,2024,2,2024T2,2024-06-30,175.46,7.68
05,Coahuila,2024,3,2024T3,2024-09-30,177.72,6.66
05,Coahuila,2024,4,2024T4,2024-12-31,179.99,5.86
05,Coahuila,2025,1,2025T1,2025-03-31,183.89,5.9
05,Coahuila,2025,2,2025T2,2025-06-30,188.71,7.55
05,Coahuila,2025,3,2025T3,2025-09-30,192.18,8.14
05,Coahuila,2025,4,2025T4,2025-12-31,194.18,7.88
05,Coahuila,2026,1,2026T1,2026-03-31,199.0,8.22
05,Coahuila,2026,2,2026T2,2026-06-30,203.54,7.86
06,Colima,2005,1,2005T1,2005-03-31,53.37,
06,Colima,2005,2,2005T2,2005-06-30,54.96,
06,Colima,2005,3,2005T3,2005-09-30,55.59,
06,Colima,2005,4,2005T4,2005-12-31,55.45,
06,Colima,2006,1,2006T1,2006-03-31,57.17,7.12
06,Colima,2006,2,2006T2,2006-06-30,58.48,6.4
06,Colima,2006,3,2006T3,2006-09-30,59.23,6.55
06,Colima,2006,4,2006T4,2006-12-31,59.32,6.98
06,Colima,2007,1,2007T1,2007-03-31,61.81,8.12
06,Colima,2007,2,2007T2,2007-06-30,63.31,8.26
06,Colima,2007,3,2007T3,2007-09-30,64.23,8.44
06,Colima,2007,4,2007T4,2007-12-31,63.76,7.48
06,Colima,2008,1,2008T1,2008-03-31,65.56,6.07
06,Colima,2008,2,2008T2,2008-06-30,67.01,5.84
06,Colima,2008,3,2008T3,2008-09-30,68.15,6.1
06,Colima,2008,4,2008T4,2008-12-31,68.17,6.92
06,Colima,2009,1,2009T1,2009-03-31,68.83,4.99
06,Colima,2009,2,2009T2,2009-06-30,69.42,3.6
06,Colima,2009,3,2009T3,2009-09-30,69.44,1.89
06,Colima,2009,4,2009T4,2009-12-31,69.25,1.58
06,Colima,2010,1,2010T1,2010-03-31,70.11,1.86
06,Colima,2010,2,2010T2,2010-06-30,71.31,2.72
06,Colima,2010,3,2010T3,2010-09-30,72.43,4.31
06,Colima,2010,4,2010T4,2010-12-31,73.53,6.18
06,Colima,2011,1,2011T1,2011-03-31,74.84,6.75
06,Colima,2011,2,2011T2,2011-06-30,75.65,6.09
06,Colima,2011,3,2011T3,2011-09-30,75.92,4.82
06,Colima,2011,4,2011T4,2011-12-31,75.86,3.17
06,Colima,2012,1,2012T1,2012-03-31,75.9,1.42
06,Colima,2012,2,2012T2,2012-06-30,76.0,0.46
06,Colima,2012,3,2012T3,2012-09-30,76.42,0.66
06,Colima,2012,4,2012T4,2012-12-31,76.52,0.87
06,Colima,2013,1,2013T1,2013-03-31,77.76,2.45
06,Colima,2013,2,2013T2,2013-06-30,79.38,4.45
06,Colima,2013,3,2013T3,2013-09-30,80.46,5.29
06,Colima,2013,4,2013T4,2013-12-31,81.16,6.06
06,Colima,2014,1,2014T1,2014-03-31,82.0,5.45
06,Colima,2014,2,2014T2,2014-06-30,82.1,3.43
06,Colima,2014,3,2014T3,2014-09-30,82.49,2.52
06,Colima,2014,4,2014T4,2014-12-31,83.47,2.85
06,Colima,2015,1,2015T1,2015-03-31,84.79,3.4
06,Colima,2015,2,2015T2,2015-06-30,87.38,6.43
06,Colima,2015,3,2015T3,2015-09-30,89.59,8.61
06,Colima,2015,4,2015T4,2015-12-31,90.09,7.93
06,Colima,2016,1,2016T1,2016-03-31,90.93,7.24
06,Colima,2016,2,2016T2,2016-06-30,92.69,6.08
06,Colima,2016,3,2016T3,2016-09-30,94.05,4.98
06,Colima,2016,4,2016T4,2016-12-31,94.94,5.38
06,Colima,2017,1,2017T1,2017-03-31,97.24,6.94
06,Colima,2017,2,2017T2,2017-06-30,99.08,6.89
06,Colima,2017,3,2017T3,2017-09-30,100.83,7.21
06,Colima,2017,4,2017T4,2017-12-31,102.85,8.33
06,Colima,2018,1,2018T1,2018-03-31,105.59,8.59
06,Colima,2018,2,2018T2,2018-06-30,107.75,8.75
06,Colima,2018,3,2018T3,2018-09-30,110.02,9.11
06,Colima,2018,4,2018T4,2018-12-31,112.07,8.96
06,Colima,2019,1,2019T1,2019-03-31,114.69,8.62
06,Colima,2019,2,2019T2,2019-06-30,117.18,8.75
06,Colima,2019,3,2019T3,2019-09-30,119.07,8.23
06,Colima,2019,4,2019T4,2019-12-31,120.87,7.85
06,Colima,2020,1,2020T1,2020-03-31,122.74,7.02
06,Colima,2020,2,2020T2,2020-06-30,124.48,6.23
06,Colima,2020,3,2020T3,2020-09-30,126.39,6.15
06,Colima,2020,4,2020T4,2020-12-31,128.55,6.35
06,Colima,2021,1,2021T1,2021-03-31,132.63,8.06
06,Colima,2021,2,2021T2,2021-06-30,135.72,9.03
06,Colima,2021,3,2021T3,2021-09-30,137.82,9.04
06,Colima,2021,4,2021T4,2021-12-31,139.83,8.77
06,Colima,2022,1,2022T1,2022-03-31,143.2,7.97
06,Colima,2022,2,2022T2,2022-06-30,147.38,8.59
06,Colima,2022,3,2022T3,2022-09-30,152.0,10.29
06,Colima,2022,4,2022T4,2022-12-31,155.71,11.36
06,Colima,2023,1,2023T1,2023-03-31,160.06,11.77
06,Colima,2023,2,2023T2,2023-06-30,163.81,11.15
06,Colima,2023,3,2023T3,2023-09-30,167.47,10.18
06,Colima,2023,4,2023T4,2023-12-31,170.9,9.76
06,Colima,2024,1,2024T1,2024-03-31,176.1,10.02
06,Colima,2024,2,2024T2,2024-06-30,180.86,10.41
06,Colima,2024,3,2024T3,2024-09-30,185.58,10.81
06,Colima,2024,4,2024T4,2024-12-31,189.91,11.12
06,Colima,2025,1,2025T1,2025-03-31,195.55,11.04
06,Colima,2025,2,2025T2,2025-06-30,200.89,11.07
06,Colima,2025,3,2025T3,2025-09-30,205.18,10.56
06,Colima,2025,4,2025T4,2025-12-31,207.92,9.48
06,Colima,2026,1,2026T1,2026-03-31,211.72,8.27
06,Colima,2026,2,2026T2,2026-06-30,215.22,7.13
07,Chiapas,2005,1,2005T1,2005-03-31,50.6,
07,Chiapas,2005,2,2005T2,2005-06-30,51.94,
07,Chiapas,2005,3,2005T3,2005-09-30,52.72,
07,Chiapas,2005,4,2005T4,2005-12-31,52.59,
07,Chiapas,2006,1,2006T1,2006-03-31,54.31,7.33
07,Chiapas,2006,2,2006T2,2006-06-30,56.02,7.86
07,Chiapas,2006,3,2006T3,2006-09-30,57.12,8.35
07,Chiapas,2006,4,2006T4,2006-12-31,57.63,9.58
07,Chiapas,2007,1,2007T1,2007-03-31,59.5,9.56
07,Chiapas,2007,2,2007T2,2007-06-30,60.88,8.68
07,Chiapas,2007,3,2007T3,2007-09-30,61.73,8.07
07,Chiapas,2007,4,2007T4,2007-12-31,61.21,6.21
07,Chiapas,2008,1,2008T1,2008-03-31,62.0,4.2
07,Chiapas,2008,2,2008T2,2008-06-30,63.13,3.7
07,Chiapas,2008,3,2008T3,2008-09-30,64.06,3.77
07,Chiapas,2008,4,2008T4,2008-12-31,64.4,5.21
07,Chiapas,2009,1,2009T1,2009-03-31,65.34,5.39
07,Chiapas,2009,2,2009T2,2009-06-30,66.48,5.31
07,Chiapas,2009,3,2009T3,2009-09-30,66.69,4.11
07,Chiapas,2009,4,2009T4,2009-12-31,66.09,2.62
07,Chiapas,2010,1,2010T1,2010-03-31,66.21,1.33
07,Chiapas,2010,2,2010T2,2010-06-30,66.56,0.12
07,Chiapas,2010,3,2010T3,2010-09-30,67.48,1.18
07,Chiapas,2010,4,2010T4,2010-12-31,68.88,4.22
07,Chiapas,2011,1,2011T1,2011-03-31,70.53,6.52
07,Chiapas,2011,2,2011T2,2011-06-30,71.7,7.72
07,Chiapas,2011,3,2011T3,2011-09-30,72.36,7.23
07,Chiapas,2011,4,2011T4,2011-12-31,72.85,5.76
07,Chiapas,2012,1,2012T1,2012-03-31,73.19,3.77
07,Chiapas,2012,2,2012T2,2012-06-30,73.6,2.65
07,Chiapas,2012,3,2012T3,2012-09-30,74.32,2.71
07,Chiapas,2012,4,2012T4,2012-12-31,75.18,3.2
07,Chiapas,2013,1,2013T1,2013-03-31,76.5,4.52
07,Chiapas,2013,2,2013T2,2013-06-30,78.05,6.05
07,Chiapas,2013,3,2013T3,2013-09-30,79.33,6.74
07,Chiapas,2013,4,2013T4,2013-12-31,80.11,6.56
07,Chiapas,2014,1,2014T1,2014-03-31,81.2,6.14
07,Chiapas,2014,2,2014T2,2014-06-30,81.74,4.73
07,Chiapas,2014,3,2014T3,2014-09-30,82.54,4.05
07,Chiapas,2014,4,2014T4,2014-12-31,83.45,4.17
07,Chiapas,2015,1,2015T1,2015-03-31,84.91,4.57
07,Chiapas,2015,2,2015T2,2015-06-30,87.56,7.12
07,Chiapas,2015,3,2015T3,2015-09-30,89.99,9.03
07,Chiapas,2015,4,2015T4,2015-12-31,90.92,8.95
07,Chiapas,2016,1,2016T1,2016-03-31,91.81,8.13
07,Chiapas,2016,2,2016T2,2016-06-30,93.53,6.82
07,Chiapas,2016,3,2016T3,2016-09-30,94.79,5.33
07,Chiapas,2016,4,2016T4,2016-12-31,95.46,4.99
07,Chiapas,2017,1,2017T1,2017-03-31,97.62,6.33
07,Chiapas,2017,2,2017T2,2017-06-30,99.24,6.1
07,Chiapas,2017,3,2017T3,2017-09-30,100.76,6.3
07,Chiapas,2017,4,2017T4,2017-12-31,102.38,7.25
07,Chiapas,2018,1,2018T1,2018-03-31,105.01,7.57
07,Chiapas,2018,2,2018T2,2018-06-30,107.25,8.07
07,Chiapas,2018,3,2018T3,2018-09-30,109.18,8.36
07,Chiapas,2018,4,2018T4,2018-12-31,111.09,8.51
07,Chiapas,2019,1,2019T1,2019-03-31,113.31,7.9
07,Chiapas,2019,2,2019T2,2019-06-30,115.22,7.43
07,Chiapas,2019,3,2019T3,2019-09-30,117.01,7.17
07,Chiapas,2019,4,2019T4,2019-12-31,118.77,6.91
07,Chiapas,2020,1,2020T1,2020-03-31,120.63,6.46
07,Chiapas,2020,2,2020T2,2020-06-30,122.09,5.96
07,Chiapas,2020,3,2020T3,2020-09-30,123.61,5.64
07,Chiapas,2020,4,2020T4,2020-12-31,125.82,5.94
07,Chiapas,2021,1,2021T1,2021-03-31,129.32,7.2
07,Chiapas,2021,2,2021T2,2021-06-30,132.52,8.54
07,Chiapas,2021,3,2021T3,2021-09-30,134.62,8.91
07,Chiapas,2021,4,2021T4,2021-12-31,136.31,8.34
07,Chiapas,2022,1,2022T1,2022-03-31,139.03,7.51
07,Chiapas,2022,2,2022T2,2022-06-30,142.58,7.59
07,Chiapas,2022,3,2022T3,2022-09-30,146.43,8.77
07,Chiapas,2022,4,2022T4,2022-12-31,148.73,9.11
07,Chiapas,2023,1,2023T1,2023-03-31,152.99,10.04
07,Chiapas,2023,2,2023T2,2023-06-30,156.83,9.99
07,Chiapas,2023,3,2023T3,2023-09-30,161.05,9.98
07,Chiapas,2023,4,2023T4,2023-12-31,165.02,10.95
07,Chiapas,2024,1,2024T1,2024-03-31,170.25,11.28
07,Chiapas,2024,2,2024T2,2024-06-30,174.71,11.4
07,Chiapas,2024,3,2024T3,2024-09-30,178.27,10.69
07,Chiapas,2024,4,2024T4,2024-12-31,181.18,9.79
07,Chiapas,2025,1,2025T1,2025-03-31,185.45,8.93
07,Chiapas,2025,2,2025T2,2025-06-30,189.79,8.63
07,Chiapas,2025,3,2025T3,2025-09-30,193.39,8.48
07,Chiapas,2025,4,2025T4,2025-12-31,196.96,8.71
07,Chiapas,2026,1,2026T1,2026-03-31,200.51,8.12
07,Chiapas,2026,2,2026T2,2026-06-30,203.09,7.01
08,Chihuahua,2005,1,2005T1,2005-03-31,51.63,
08,Chihuahua,2005,2,2005T2,2005-06-30,52.72,
08,Chihuahua,2005,3,2005T3,2005-09-30,53.41,
08,Chihuahua,2005,4,2005T4,2005-12-31,53.24,
08,Chihuahua,2006,1,2006T1,2006-03-31,54.28,5.13
08,Chihuahua,2006,2,2006T2,2006-06-30,55.41,5.1
08,Chihuahua,2006,3,2006T3,2006-09-30,56.23,5.28
08,Chihuahua,2006,4,2006T4,2006-12-31,56.41,5.95
08,Chihuahua,2007,1,2007T1,2007-03-31,57.89,6.65
08,Chihuahua,2007,2,2007T2,2007-06-30,59.47,7.33
08,Chihuahua,2007,3,2007T3,2007-09-30,60.16,6.99
08,Chihuahua,2007,4,2007T4,2007-12-31,59.85,6.1
08,Chihuahua,2008,1,2008T1,2008-03-31,60.64,4.75
08,Chihuahua,2008,2,2008T2,2008-06-30,61.96,4.19
08,Chihuahua,2008,3,2008T3,2008-09-30,63.28,5.19
08,Chihuahua,2008,4,2008T4,2008-12-31,63.53,6.15
08,Chihuahua,2009,1,2009T1,2009-03-31,64.37,6.15
08,Chihuahua,2009,2,2009T2,2009-06-30,65.44,5.62
08,Chihuahua,2009,3,2009T3,2009-09-30,65.9,4.14
08,Chihuahua,2009,4,2009T4,2009-12-31,66.07,4.0
08,Chihuahua,2010,1,2010T1,2010-03-31,66.27,2.95
08,Chihuahua,2010,2,2010T2,2010-06-30,66.98,2.35
08,Chihuahua,2010,3,2010T3,2010-09-30,68.15,3.41
08,Chihuahua,2010,4,2010T4,2010-12-31,69.46,5.13
08,Chihuahua,2011,1,2011T1,2011-03-31,71.56,7.98
08,Chihuahua,2011,2,2011T2,2011-06-30,72.96,8.93
08,Chihuahua,2011,3,2011T3,2011-09-30,73.63,8.04
08,Chihuahua,2011,4,2011T4,2011-12-31,74.14,6.74
08,Chihuahua,2012,1,2012T1,2012-03-31,74.46,4.05
08,Chihuahua,2012,2,2012T2,2012-06-30,75.06,2.88
08,Chihuahua,2012,3,2012T3,2012-09-30,75.82,2.97
08,Chihuahua,2012,4,2012T4,2012-12-31,76.28,2.89
08,Chihuahua,2013,1,2013T1,2013-03-31,77.3,3.81
08,Chihuahua,2013,2,2013T2,2013-06-30,78.69,4.84
08,Chihuahua,2013,3,2013T3,2013-09-30,79.76,5.2
08,Chihuahua,2013,4,2013T4,2013-12-31,80.42,5.43
08,Chihuahua,2014,1,2014T1,2014-03-31,81.59,5.55
08,Chihuahua,2014,2,2014T2,2014-06-30,82.06,4.28
08,Chihuahua,2014,3,2014T3,2014-09-30,82.8,3.81
08,Chihuahua,2014,4,2014T4,2014-12-31,84.15,4.64
08,Chihuahua,2015,1,2015T1,2015-03-31,85.62,4.94
08,Chihuahua,2015,2,2015T2,2015-06-30,88.52,7.87
08,Chihuahua,2015,3,2015T3,2015-09-30,90.79,9.65
08,Chihuahua,2015,4,2015T4,2015-12-31,91.36,8.57
08,Chihuahua,2016,1,2016T1,2016-03-31,92.16,7.64
08,Chihuahua,2016,2,2016T2,2016-06-30,93.66,5.81
08,Chihuahua,2016,3,2016T3,2016-09-30,94.87,4.49
08,Chihuahua,2016,4,2016T4,2016-12-31,95.71,4.76
08,Chihuahua,2017,1,2017T1,2017-03-31,97.91,6.24
08,Chihuahua,2017,2,2017T2,2017-06-30,99.42,6.15
08,Chihuahua,2017,3,2017T3,2017-09-30,100.76,6.21
08,Chihuahua,2017,4,2017T4,2017-12-31,101.91,6.48
08,Chihuahua,2018,1,2018T1,2018-03-31,104.27,6.5
08,Chihuahua,2018,2,2018T2,2018-06-30,106.14,6.76
08,Chihuahua,2018,3,2018T3,2018-09-30,108.26,7.44
08,Chihuahua,2018,4,2018T4,2018-12-31,110.4,8.33
08,Chihuahua,2019,1,2019T1,2019-03-31,112.66,8.05
08,Chihuahua,2019,2,2019T2,2019-06-30,114.89,8.24
08,Chihuahua,2019,3,2019T3,2019-09-30,116.59,7.69
08,Chihuahua,2019,4,2019T4,2019-12-31,118.01,6.89
08,Chihuahua,2020,1,2020T1,2020-03-31,120.14,6.64
08,Chihuahua,2020,2,2020T2,2020-06-30,121.95,6.15
08,Chihuahua,2020,3,2020T3,2020-09-30,123.8,6.18
08,Chihuahua,2020,4,2020T4,2020-12-31,126.36,7.08
08,Chihuahua,2021,1,2021T1,2021-03-31,130.84,8.91
08,Chihuahua,2021,2,2021T2,2021-06-30,134.83,10.56
08,Chihuahua,2021,3,2021T3,2021-09-30,137.86,11.36
08,Chihuahua,2021,4,2021T4,2021-12-31,140.31,11.04
08,Chihuahua,2022,1,2022T1,2022-03-31,143.33,9.55
08,Chihuahua,2022,2,2022T2,2022-06-30,147.16,9.14
08,Chihuahua,2022,3,2022T3,2022-09-30,151.38,9.81
08,Chihuahua,2022,4,2022T4,2022-12-31,154.0,9.76
08,Chihuahua,2023,1,2023T1,2023-03-31,158.8,10.79
08,Chihuahua,2023,2,2023T2,2023-06-30,163.95,11.41
08,Chihuahua,2023,3,2023T3,2023-09-30,168.2,11.11
08,Chihuahua,2023,4,2023T4,2023-12-31,172.01,11.69
08,Chihuahua,2024,1,2024T1,2024-03-31,176.47,11.13
08,Chihuahua,2024,2,2024T2,2024-06-30,179.43,9.44
08,Chihuahua,2024,3,2024T3,2024-09-30,182.96,8.78
08,Chihuahua,2024,4,2024T4,2024-12-31,186.7,8.54
08,Chihuahua,2025,1,2025T1,2025-03-31,192.09,8.85
08,Chihuahua,2025,2,2025T2,2025-06-30,198.77,10.78
08,Chihuahua,2025,3,2025T3,2025-09-30,203.97,11.48
08,Chihuahua,2025,4,2025T4,2025-12-31,207.41,11.09
08,Chihuahua,2026,1,2026T1,2026-03-31,211.24,9.97
08,Chihuahua,2026,2,2026T2,2026-06-30,213.49,7.41
09,Ciudad de México,2005,1,2005T1,2005-03-31,33.81,
09,Ciudad de México,2005,2,2005T2,2005-06-30,35.37,
09,Ciudad de México,2005,3,2005T3,2005-09-30,36.78,
09,Ciudad de México,2005,4,2005T4,2005-12-31,36.62,
09,Ciudad de México,2006,1,2006T1,2006-03-31,37.68,11.45
09,Ciudad de México,2006,2,2006T2,2006-06-30,38.74,9.53
09,Ciudad de México,2006,3,2006T3,2006-09-30,39.37,7.04
09,Ciudad de México,2006,4,2006T4,2006-12-31,39.95,9.09
09,Ciudad de México,2007,1,2007T1,2007-03-31,41.46,10.03
09,Ciudad de México,2007,2,2007T2,2007-06-30,43.29,11.74
09,Ciudad de México,2007,3,2007T3,2007-09-30,44.61,13.31
09,Ciudad de México,2007,4,2007T4,2007-12-31,44.8,12.14
09,Ciudad de México,2008,1,2008T1,2008-03-31,45.94,10.81
09,Ciudad de México,2008,2,2008T2,2008-06-30,47.37,9.42
09,Ciudad de México,2008,3,2008T3,2008-09-30,48.57,8.88
09,Ciudad de México,2008,4,2008T4,2008-12-31,49.14,9.69
09,Ciudad de México,2009,1,2009T1,2009-03-31,49.57,7.9
09,Ciudad de México,2009,2,2009T2,2009-06-30,50.17,5.91
09,Ciudad de México,2009,3,2009T3,2009-09-30,50.31,3.58
09,Ciudad de México,2009,4,2009T4,2009-12-31,50.55,2.87
09,Ciudad de México,2010,1,2010T1,2010-03-31,51.3,3.49
09,Ciudad de México,2010,2,2010T2,2010-06-30,52.29,4.23
09,Ciudad de México,2010,3,2010T3,2010-09-30,53.29,5.92
09,Ciudad de México,2010,4,2010T4,2010-12-31,54.06,6.94
09,Ciudad de México,2011,1,2011T1,2011-03-31,55.09,7.39
09,Ciudad de México,2011,2,2011T2,2011-06-30,56.16,7.4
09,Ciudad de México,2011,3,2011T3,2011-09-30,57.31,7.54
09,Ciudad de México,2011,4,2011T4,2011-12-31,58.33,7.9
09,Ciudad de México,2012,1,2012T1,2012-03-31,59.43,7.88
09,Ciudad de México,2012,2,2012T2,2012-06-30,60.29,7.35
09,Ciudad de México,2012,3,2012T3,2012-09-30,61.35,7.05
09,Ciudad de México,2012,4,2012T4,2012-12-31,62.12,6.5
09,Ciudad de México,2013,1,2013T1,2013-03-31,63.29,6.5
09,Ciudad de México,2013,2,2013T2,2013-06-30,64.85,7.56
09,Ciudad de México,2013,3,2013T3,2013-09-30,66.09,7.73
09,Ciudad de México,2013,4,2013T4,2013-12-31,67.03,7.9
09,Ciudad de México,2014,1,2014T1,2014-03-31,68.46,8.17
09,Ciudad de México,2014,2,2014T2,2014-06-30,69.54,7.23
09,Ciudad de México,2014,3,2014T3,2014-09-30,70.72,7.01
09,Ciudad de México,2014,4,2014T4,2014-12-31,72.67,8.41
09,Ciudad de México,2015,1,2015T1,2015-03-31,74.59,8.95
09,Ciudad de México,2015,2,2015T2,2015-06-30,78.26,12.54
09,Ciudad de México,2015,3,2015T3,2015-09-30,81.77,15.62
09,Ciudad de México,2015,4,2015T4,2015-12-31,84.16,15.81
09,Ciudad de México,2016,1,2016T1,2016-03-31,86.11,15.44
09,Ciudad de México,2016,2,2016T2,2016-06-30,88.42,12.98
09,Ciudad de México,2016,3,2016T3,2016-09-30,90.6,10.8
09,Ciudad de México,2016,4,2016T4,2016-12-31,92.37,9.76
09,Ciudad de México,2017,1,2017T1,2017-03-31,95.7,11.14
09,Ciudad de México,2017,2,2017T2,2017-06-30,98.75,11.68
09,Ciudad de México,2017,3,2017T3,2017-09-30,101.65,12.2
09,Ciudad de México,2017,4,2017T4,2017-12-31,103.9,12.48
09,Ciudad de México,2018,1,2018T1,2018-03-31,106.55,11.34
09,Ciudad de México,2018,2,2018T2,2018-06-30,109.05,10.43
09,Ciudad de México,2018,3,2018T3,2018-09-30,112.19,10.37
09,Ciudad de México,2018,4,2018T4,2018-12-31,115.36,11.03
09,Ciudad de México,2019,1,2019T1,2019-03-31,118.99,11.68
09,Ciudad de México,2019,2,2019T2,2019-06-30,122.28,12.13
09,Ciudad de México,2019,3,2019T3,2019-09-30,123.24,9.85
09,Ciudad de México,2019,4,2019T4,2019-12-31,123.77,7.29
09,Ciudad de México,2020,1,2020T1,2020-03-31,125.4,5.39
09,Ciudad de México,2020,2,2020T2,2020-06-30,124.65,1.94
09,Ciudad de México,2020,3,2020T3,2020-09-30,122.87,-0.3
09,Ciudad de México,2020,4,2020T4,2020-12-31,123.06,-0.57
09,Ciudad de México,2021,1,2021T1,2021-03-31,124.97,-0.34
09,Ciudad de México,2021,2,2021T2,2021-06-30,127.6,2.37
09,Ciudad de México,2021,3,2021T3,2021-09-30,130.53,6.23
09,Ciudad de México,2021,4,2021T4,2021-12-31,131.94,7.22
09,Ciudad de México,2022,1,2022T1,2022-03-31,133.29,6.66
09,Ciudad de México,2022,2,2022T2,2022-06-30,136.58,7.04
09,Ciudad de México,2022,3,2022T3,2022-09-30,141.14,8.13
09,Ciudad de México,2022,4,2022T4,2022-12-31,144.63,9.62
09,Ciudad de México,2023,1,2023T1,2023-03-31,150.38,12.82
09,Ciudad de México,2023,2,2023T2,2023-06-30,154.05,12.79
09,Ciudad de México,2023,3,2023T3,2023-09-30,155.57,10.22
09,Ciudad de México,2023,4,2023T4,2023-12-31,156.75,8.38
09,Ciudad de México,2024,1,2024T1,2024-03-31,160.08,6.45
09,Ciudad de México,2024,2,2024T2,2024-06-30,162.36,5.39
09,Ciudad de México,2024,3,2024T3,2024-09-30,164.59,5.8
09,Ciudad de México,2024,4,2024T4,2024-12-31,165.74,5.74
09,Ciudad de México,2025,1,2025T1,2025-03-31,167.71,4.77
09,Ciudad de México,2025,2,2025T2,2025-06-30,170.11,4.77
09,Ciudad de México,2025,3,2025T3,2025-09-30,171.6,4.26
09,Ciudad de México,2025,4,2025T4,2025-12-31,173.0,4.38
09,Ciudad de México,2026,1,2026T1,2026-03-31,175.03,4.36
09,Ciudad de México,2026,2,2026T2,2026-06-30,175.9,3.4
10,Durango,2005,1,2005T1,2005-03-31,51.17,
10,Durango,2005,2,2005T2,2005-06-30,52.01,
10,Durango,2005,3,2005T3,2005-09-30,52.43,
10,Durango,2005,4,2005T4,2005-12-31,51.89,
10,Durango,2006,1,2006T1,2006-03-31,53.47,4.49
10,Durango,2006,2,2006T2,2006-06-30,54.41,4.61
10,Durango,2006,3,2006T3,2006-09-30,54.94,4.79
10,Durango,2006,4,2006T4,2006-12-31,54.92,5.84
10,Durango,2007,1,2007T1,2007-03-31,56.74,6.12
10,Durango,2007,2,2007T2,2007-06-30,57.75,6.14
10,Durango,2007,3,2007T3,2007-09-30,57.91,5.41
10,Durango,2007,4,2007T4,2007-12-31,56.86,3.53
10,Durango,2008,1,2008T1,2008-03-31,58.08,2.36
10,Durango,2008,2,2008T2,2008-06-30,58.93,2.04
10,Durango,2008,3,2008T3,2008-09-30,59.56,2.85
10,Durango,2008,4,2008T4,2008-12-31,59.59,4.8
10,Durango,2009,1,2009T1,2009-03-31,60.39,3.98
10,Durango,2009,2,2009T2,2009-06-30,61.59,4.51
10,Durango,2009,3,2009T3,2009-09-30,62.49,4.92
10,Durango,2009,4,2009T4,2009-12-31,63.05,5.81
10,Durango,2010,1,2010T1,2010-03-31,63.64,5.38
10,Durango,2010,2,2010T2,2010-06-30,64.67,5.0
10,Durango,2010,3,2010T3,2010-09-30,66.15,5.86
10,Durango,2010,4,2010T4,2010-12-31,67.47,7.01
10,Durango,2011,1,2011T1,2011-03-31,69.34,8.96
10,Durango,2011,2,2011T2,2011-06-30,70.75,9.4
10,Durango,2011,3,2011T3,2011-09-30,71.57,8.19
10,Durango,2011,4,2011T4,2011-12-31,72.43,7.35
10,Durango,2012,1,2012T1,2012-03-31,72.77,4.95
10,Durango,2012,2,2012T2,2012-06-30,73.18,3.43
10,Durango,2012,3,2012T3,2012-09-30,73.6,2.84
10,Durango,2012,4,2012T4,2012-12-31,73.45,1.41
10,Durango,2013,1,2013T1,2013-03-31,74.5,2.38
10,Durango,2013,2,2013T2,2013-06-30,76.23,4.17
10,Durango,2013,3,2013T3,2013-09-30,77.4,5.16
10,Durango,2013,4,2013T4,2013-12-31,78.49,6.86
10,Durango,2014,1,2014T1,2014-03-31,79.8,7.11
10,Durango,2014,2,2014T2,2014-06-30,80.36,5.42
10,Durango,2014,3,2014T3,2014-09-30,81.54,5.35
10,Durango,2014,4,2014T4,2014-12-31,83.09,5.86
10,Durango,2015,1,2015T1,2015-03-31,85.25,6.83
10,Durango,2015,2,2015T2,2015-06-30,88.79,10.49
10,Durango,2015,3,2015T3,2015-09-30,91.73,12.5
10,Durango,2015,4,2015T4,2015-12-31,92.74,11.61
10,Durango,2016,1,2016T1,2016-03-31,93.56,9.75
10,Durango,2016,2,2016T2,2016-06-30,94.98,6.97
10,Durango,2016,3,2016T3,2016-09-30,95.82,4.46
10,Durango,2016,4,2016T4,2016-12-31,96.31,3.85
10,Durango,2017,1,2017T1,2017-03-31,98.16,4.92
10,Durango,2017,2,2017T2,2017-06-30,99.39,4.64
10,Durango,2017,3,2017T3,2017-09-30,100.67,5.06
10,Durango,2017,4,2017T4,2017-12-31,101.77,5.67
10,Durango,2018,1,2018T1,2018-03-31,103.92,5.87
10,Durango,2018,2,2018T2,2018-06-30,105.89,6.54
10,Durango,2018,3,2018T3,2018-09-30,107.74,7.02
10,Durango,2018,4,2018T4,2018-12-31,109.33,7.43
10,Durango,2019,1,2019T1,2019-03-31,111.29,7.09
10,Durango,2019,2,2019T2,2019-06-30,113.0,6.71
10,Durango,2019,3,2019T3,2019-09-30,114.47,6.25
10,Durango,2019,4,2019T4,2019-12-31,115.98,6.08
10,Durango,2020,1,2020T1,2020-03-31,117.9,5.94
10,Durango,2020,2,2020T2,2020-06-30,119.74,5.96
10,Durango,2020,3,2020T3,2020-09-30,121.19,5.87
10,Durango,2020,4,2020T4,2020-12-31,122.72,5.81
10,Durango,2021,1,2021T1,2021-03-31,126.18,7.02
10,Durango,2021,2,2021T2,2021-06-30,129.0,7.73
10,Durango,2021,3,2021T3,2021-09-30,130.65,7.81
10,Durango,2021,4,2021T4,2021-12-31,131.81,7.41
10,Durango,2022,1,2022T1,2022-03-31,133.36,5.69
10,Durango,2022,2,2022T2,2022-06-30,135.35,4.92
10,Durango,2022,3,2022T3,2022-09-30,137.4,5.17
10,Durango,2022,4,2022T4,2022-12-31,137.81,4.55
10,Durango,2023,1,2023T1,2023-03-31,141.44,6.06
10,Durango,2023,2,2023T2,2023-06-30,145.16,7.25
10,Durango,2023,3,2023T3,2023-09-30,148.45,8.04
10,Durango,2023,4,2023T4,2023-12-31,151.76,10.12
10,Durango,2024,1,2024T1,2024-03-31,156.21,10.44
10,Durango,2024,2,2024T2,2024-06-30,159.47,9.86
10,Durango,2024,3,2024T3,2024-09-30,162.54,9.49
10,Durango,2024,4,2024T4,2024-12-31,164.96,8.7
10,Durango,2025,1,2025T1,2025-03-31,167.32,7.11
10,Durango,2025,2,2025T2,2025-06-30,169.29,6.16
10,Durango,2025,3,2025T3,2025-09-30,170.77,5.06
10,Durango,2025,4,2025T4,2025-12-31,171.33,3.86
10,Durango,2026,1,2026T1,2026-03-31,175.12,4.66
10,Durango,2026,2,2026T2,2026-06-30,179.61,6.1
11,Guanajuato,2005,1,2005T1,2005-03-31,52.98,
11,Guanajuato,2005,2,2005T2,2005-06-30,54.63,
11,Guanajuato,2005,3,2005T3,2005-09-30,55.06,
11,Guanajuato,2005,4,2005T4,2005-12-31,54.82,
11,Guanajuato,2006,1,2006T1,2006-03-31,56.29,6.25
11,Guanajuato,2006,2,2006T2,2006-06-30,57.5,5.25
11,Guanajuato,2006,3,2006T3,2006-09-30,58.2,5.7
11,Guanajuato,2006,4,2006T4,2006-12-31,58.41,6.55
11,Guanajuato,2007,1,2007T1,2007-03-31,60.52,7.51
11,Guanajuato,2007,2,2007T2,2007-06-30,61.8,7.48
11,Guanajuato,2007,3,2007T3,2007-09-30,62.62,7.59
11,Guanajuato,2007,4,2007T4,2007-12-31,61.98,6.11
11,Guanajuato,2008,1,2008T1,2008-03-31,63.21,4.44
11,Guanajuato,2008,2,2008T2,2008-06-30,64.78,4.82
11,Guanajuato,2008,3,2008T3,2008-09-30,66.05,5.48
11,Guanajuato,2008,4,2008T4,2008-12-31,66.45,7.21
11,Guanajuato,2009,1,2009T1,2009-03-31,67.44,6.69
11,Guanajuato,2009,2,2009T2,2009-06-30,68.3,5.43
11,Guanajuato,2009,3,2009T3,2009-09-30,68.59,3.85
11,Guanajuato,2009,4,2009T4,2009-12-31,68.61,3.25
11,Guanajuato,2010,1,2010T1,2010-03-31,69.03,2.36
11,Guanajuato,2010,2,2010T2,2010-06-30,69.56,1.84
11,Guanajuato,2010,3,2010T3,2010-09-30,70.21,2.36
11,Guanajuato,2010,4,2010T4,2010-12-31,70.78,3.16
11,Guanajuato,2011,1,2011T1,2011-03-31,71.75,3.94
11,Guanajuato,2011,2,2011T2,2011-06-30,72.66,4.46
11,Guanajuato,2011,3,2011T3,2011-09-30,73.3,4.4
11,Guanajuato,2011,4,2011T4,2011-12-31,73.9,4.41
11,Guanajuato,2012,1,2012T1,2012-03-31,74.25,3.48
11,Guanajuato,2012,2,2012T2,2012-06-30,74.55,2.6
11,Guanajuato,2012,3,2012T3,2012-09-30,75.28,2.7
11,Guanajuato,2012,4,2012T4,2012-12-31,75.73,2.48
11,Guanajuato,2013,1,2013T1,2013-03-31,76.95,3.64
11,Guanajuato,2013,2,2013T2,2013-06-30,78.27,4.99
11,Guanajuato,2013,3,2013T3,2013-09-30,79.06,5.02
11,Guanajuato,2013,4,2013T4,2013-12-31,79.59,5.1
11,Guanajuato,2014,1,2014T1,2014-03-31,80.33,4.39
11,Guanajuato,2014,2,2014T2,2014-06-30,80.44,2.77
11,Guanajuato,2014,3,2014T3,2014-09-30,80.94,2.38
11,Guanajuato,2014,4,2014T4,2014-12-31,81.97,2.99
11,Guanajuato,2015,1,2015T1,2015-03-31,83.55,4.01
11,Guanajuato,2015,2,2015T2,2015-06-30,86.46,7.48
11,Guanajuato,2015,3,2015T3,2015-09-30,89.01,9.97
11,Guanajuato,2015,4,2015T4,2015-12-31,89.82,9.58
11,Guanajuato,2016,1,2016T1,2016-03-31,90.73,8.59
11,Guanajuato,2016,2,2016T2,2016-06-30,92.41,6.88
11,Guanajuato,2016,3,2016T3,2016-09-30,93.72,5.29
11,Guanajuato,2016,4,2016T4,2016-12-31,94.62,5.34
11,Guanajuato,2017,1,2017T1,2017-03-31,97.0,6.91
11,Guanajuato,2017,2,2017T2,2017-06-30,98.95,7.08
11,Guanajuato,2017,3,2017T3,2017-09-30,100.95,7.71
11,Guanajuato,2017,4,2017T4,2017-12-31,103.1,8.96
11,Guanajuato,2018,1,2018T1,2018-03-31,105.9,9.18
11,Guanajuato,2018,2,2018T2,2018-06-30,108.37,9.52
11,Guanajuato,2018,3,2018T3,2018-09-30,110.88,9.84
11,Guanajuato,2018,4,2018T4,2018-12-31,113.19,9.79
11,Guanajuato,2019,1,2019T1,2019-03-31,116.02,9.56
11,Guanajuato,2019,2,2019T2,2019-06-30,118.54,9.38
11,Guanajuato,2019,3,2019T3,2019-09-30,120.59,8.76
11,Guanajuato,2019,4,2019T4,2019-12-31,122.54,8.26
11,Guanajuato,2020,1,2020T1,2020-03-31,124.39,7.21
11,Guanajuato,2020,2,2020T2,2020-06-30,126.08,6.36
11,Guanajuato,2020,3,2020T3,2020-09-30,127.76,5.95
11,Guanajuato,2020,4,2020T4,2020-12-31,129.53,5.7
11,Guanajuato,2021,1,2021T1,2021-03-31,132.59,6.59
11,Guanajuato,2021,2,2021T2,2021-06-30,135.14,7.19
11,Guanajuato,2021,3,2021T3,2021-09-30,136.67,6.97
11,Guanajuato,2021,4,2021T4,2021-12-31,138.12,6.63
11,Guanajuato,2022,1,2022T1,2022-03-31,141.2,6.49
11,Guanajuato,2022,2,2022T2,2022-06-30,144.82,7.16
11,Guanajuato,2022,3,2022T3,2022-09-30,148.39,8.58
11,Guanajuato,2022,4,2022T4,2022-12-31,150.53,8.98
11,Guanajuato,2023,1,2023T1,2023-03-31,154.03,9.09
11,Guanajuato,2023,2,2023T2,2023-06-30,157.28,8.6
11,Guanajuato,2023,3,2023T3,2023-09-30,160.7,8.3
11,Guanajuato,2023,4,2023T4,2023-12-31,164.39,9.21
11,Guanajuato,2024,1,2024T1,2024-03-31,169.88,10.29
11,Guanajuato,2024,2,2024T2,2024-06-30,174.64,11.04
11,Guanajuato,2024,3,2024T3,2024-09-30,178.99,11.38
11,Guanajuato,2024,4,2024T4,2024-12-31,182.46,10.99
11,Guanajuato,2025,1,2025T1,2025-03-31,186.84,9.98
11,Guanajuato,2025,2,2025T2,2025-06-30,191.39,9.59
11,Guanajuato,2025,3,2025T3,2025-09-30,195.16,9.03
11,Guanajuato,2025,4,2025T4,2025-12-31,197.74,8.37
11,Guanajuato,2026,1,2026T1,2026-03-31,202.31,8.28
11,Guanajuato,2026,2,2026T2,2026-06-30,206.82,8.06
12,Guerrero,2005,1,2005T1,2005-03-31,47.37,
12,Guerrero,2005,2,2005T2,2005-06-30,50.12,
12,Guerrero,2005,3,2005T3,2005-09-30,51.1,
12,Guerrero,2005,4,2005T4,2005-12-31,51.25,
12,Guerrero,2006,1,2006T1,2006-03-31,52.5,10.83
12,Guerrero,2006,2,2006T2,2006-06-30,53.67,7.08
12,Guerrero,2006,3,2006T3,2006-09-30,54.31,6.28
12,Guerrero,2006,4,2006T4,2006-12-31,54.29,5.93
12,Guerrero,2007,1,2007T1,2007-03-31,56.27,7.18
12,Guerrero,2007,2,2007T2,2007-06-30,58.09,8.24
12,Guerrero,2007,3,2007T3,2007-09-30,59.14,8.89
12,Guerrero,2007,4,2007T4,2007-12-31,59.03,8.73
12,Guerrero,2008,1,2008T1,2008-03-31,60.38,7.3
12,Guerrero,2008,2,2008T2,2008-06-30,61.9,6.56
12,Guerrero,2008,3,2008T3,2008-09-30,63.43,7.25
12,Guerrero,2008,4,2008T4,2008-12-31,63.86,8.18
12,Guerrero,2009,1,2009T1,2009-03-31,64.63,7.04
12,Guerrero,2009,2,2009T2,2009-06-30,65.46,5.75
12,Guerrero,2009,3,2009T3,2009-09-30,65.69,3.56
12,Guerrero,2009,4,2009T4,2009-12-31,65.77,2.99
12,Guerrero,2010,1,2010T1,2010-03-31,66.64,3.11
12,Guerrero,2010,2,2010T2,2010-06-30,67.64,3.33
12,Guerrero,2010,3,2010T3,2010-09-30,68.6,4.43
12,Guerrero,2010,4,2010T4,2010-12-31,69.5,5.67
12,Guerrero,2011,1,2011T1,2011-03-31,70.84,6.3
12,Guerrero,2011,2,2011T2,2011-06-30,71.74,6.06
12,Guerrero,2011,3,2011T3,2011-09-30,72.24,5.31
12,Guerrero,2011,4,2011T4,2011-12-31,72.42,4.2
12,Guerrero,2012,1,2012T1,2012-03-31,72.52,2.37
12,Guerrero,2012,2,2012T2,2012-06-30,72.78,1.45
12,Guerrero,2012,3,2012T3,2012-09-30,73.25,1.4
12,Guerrero,2012,4,2012T4,2012-12-31,73.69,1.75
12,Guerrero,2013,1,2013T1,2013-03-31,74.77,3.1
12,Guerrero,2013,2,2013T2,2013-06-30,76.04,4.48
12,Guerrero,2013,3,2013T3,2013-09-30,77.6,5.94
12,Guerrero,2013,4,2013T4,2013-12-31,78.84,6.99
12,Guerrero,2014,1,2014T1,2014-03-31,80.22,7.29
12,Guerrero,2014,2,2014T2,2014-06-30,81.11,6.67
12,Guerrero,2014,3,2014T3,2014-09-30,81.65,5.22
12,Guerrero,2014,4,2014T4,2014-12-31,82.43,4.55
12,Guerrero,2015,1,2015T1,2015-03-31,83.74,4.39
12,Guerrero,2015,2,2015T2,2015-06-30,86.44,6.57
12,Guerrero,2015,3,2015T3,2015-09-30,88.94,8.93
12,Guerrero,2015,4,2015T4,2015-12-31,90.14,9.35
12,Guerrero,2016,1,2016T1,2016-03-31,91.34,9.08
12,Guerrero,2016,2,2016T2,2016-06-30,93.21,7.83
12,Guerrero,2016,3,2016T3,2016-09-30,94.49,6.24
12,Guerrero,2016,4,2016T4,2016-12-31,95.25,5.67
12,Guerrero,2017,1,2017T1,2017-03-31,97.58,6.83
12,Guerrero,2017,2,2017T2,2017-06-30,99.26,6.49
12,Guerrero,2017,3,2017T3,2017-09-30,100.89,6.77
12,Guerrero,2017,4,2017T4,2017-12-31,102.28,7.38
12,Guerrero,2018,1,2018T1,2018-03-31,104.82,7.42
12,Guerrero,2018,2,2018T2,2018-06-30,106.85,7.65
12,Guerrero,2018,3,2018T3,2018-09-30,108.84,7.88
12,Guerrero,2018,4,2018T4,2018-12-31,110.49,8.03
12,Guerrero,2019,1,2019T1,2019-03-31,112.52,7.35
12,Guerrero,2019,2,2019T2,2019-06-30,114.51,7.17
12,Guerrero,2019,3,2019T3,2019-09-30,116.15,6.72
12,Guerrero,2019,4,2019T4,2019-12-31,117.77,6.59
12,Guerrero,2020,1,2020T1,2020-03-31,119.51,6.21
12,Guerrero,2020,2,2020T2,2020-06-30,120.66,5.37
12,Guerrero,2020,3,2020T3,2020-09-30,121.34,4.47
12,Guerrero,2020,4,2020T4,2020-12-31,123.18,4.59
12,Guerrero,2021,1,2021T1,2021-03-31,127.35,6.56
12,Guerrero,2021,2,2021T2,2021-06-30,131.06,8.62
12,Guerrero,2021,3,2021T3,2021-09-30,133.97,10.41
12,Guerrero,2021,4,2021T4,2021-12-31,136.42,10.75
12,Guerrero,2022,1,2022T1,2022-03-31,139.72,9.71
12,Guerrero,2022,2,2022T2,2022-06-30,144.22,10.04
12,Guerrero,2022,3,2022T3,2022-09-30,150.14,12.07
12,Guerrero,2022,4,2022T4,2022-12-31,155.11,13.7
12,Guerrero,2023,1,2023T1,2023-03-31,160.49,14.87
12,Guerrero,2023,2,2023T2,2023-06-30,164.28,13.91
12,Guerrero,2023,3,2023T3,2023-09-30,167.13,11.32
12,Guerrero,2023,4,2023T4,2023-12-31,169.31,9.15
12,Guerrero,2024,1,2024T1,2024-03-31,172.53,7.5
12,Guerrero,2024,2,2024T2,2024-06-30,174.66,6.32
12,Guerrero,2024,3,2024T3,2024-09-30,176.81,5.79
12,Guerrero,2024,4,2024T4,2024-12-31,178.71,5.55
12,Guerrero,2025,1,2025T1,2025-03-31,182.73,5.91
12,Guerrero,2025,2,2025T2,2025-06-30,187.76,7.5
12,Guerrero,2025,3,2025T3,2025-09-30,191.73,8.44
12,Guerrero,2025,4,2025T4,2025-12-31,194.72,8.96
12,Guerrero,2026,1,2026T1,2026-03-31,197.18,7.91
12,Guerrero,2026,2,2026T2,2026-06-30,198.23,5.58
13,Hidalgo,2005,1,2005T1,2005-03-31,53.59,
13,Hidalgo,2005,2,2005T2,2005-06-30,54.48,
13,Hidalgo,2005,3,2005T3,2005-09-30,55.2,
13,Hidalgo,2005,4,2005T4,2005-12-31,55.17,
13,Hidalgo,2006,1,2006T1,2006-03-31,55.48,3.53
13,Hidalgo,2006,2,2006T2,2006-06-30,56.95,4.53
13,Hidalgo,2006,3,2006T3,2006-09-30,57.99,5.05
13,Hidalgo,2006,4,2006T4,2006-12-31,58.17,5.44
13,Hidalgo,2007,1,2007T1,2007-03-31,58.37,5.21
13,Hidalgo,2007,2,2007T2,2007-06-30,59.99,5.34
13,Hidalgo,2007,3,2007T3,2007-09-30,61.09,5.35
13,Hidalgo,2007,4,2007T4,2007-12-31,61.05,4.95
13,Hidalgo,2008,1,2008T1,2008-03-31,60.63,3.87
13,Hidalgo,2008,2,2008T2,2008-06-30,62.34,3.92
13,Hidalgo,2008,3,2008T3,2008-09-30,63.69,4.26
13,Hidalgo,2008,4,2008T4,2008-12-31,64.3,5.32
13,Hidalgo,2009,1,2009T1,2009-03-31,65.24,7.6
13,Hidalgo,2009,2,2009T2,2009-06-30,66.31,6.37
13,Hidalgo,2009,3,2009T3,2009-09-30,66.94,5.1
13,Hidalgo,2009,4,2009T4,2009-12-31,67.32,4.7
13,Hidalgo,2010,1,2010T1,2010-03-31,67.76,3.86
13,Hidalgo,2010,2,2010T2,2010-06-30,68.51,3.32
13,Hidalgo,2010,3,2010T3,2010-09-30,69.51,3.84
13,Hidalgo,2010,4,2010T4,2010-12-31,70.44,4.63
13,Hidalgo,2011,1,2011T1,2011-03-31,72.52,7.02
13,Hidalgo,2011,2,2011T2,2011-06-30,74.32,8.48
13,Hidalgo,2011,3,2011T3,2011-09-30,75.58,8.73
13,Hidalgo,2011,4,2011T4,2011-12-31,76.59,8.73
13,Hidalgo,2012,1,2012T1,2012-03-31,76.87,6.0
13,Hidalgo,2012,2,2012T2,2012-06-30,77.24,3.93
13,Hidalgo,2012,3,2012T3,2012-09-30,77.79,2.92
13,Hidalgo,2012,4,2012T4,2012-12-31,78.19,2.09
13,Hidalgo,2013,1,2013T1,2013-03-31,79.41,3.3
13,Hidalgo,2013,2,2013T2,2013-06-30,81.03,4.91
13,Hidalgo,2013,3,2013T3,2013-09-30,82.19,5.66
13,Hidalgo,2013,4,2013T4,2013-12-31,82.86,5.97
13,Hidalgo,2014,1,2014T1,2014-03-31,83.63,5.31
13,Hidalgo,2014,2,2014T2,2014-06-30,83.05,2.49
13,Hidalgo,2014,3,2014T3,2014-09-30,82.84,0.79
13,Hidalgo,2014,4,2014T4,2014-12-31,83.09,0.28
13,Hidalgo,2015,1,2015T1,2015-03-31,84.15,0.62
13,Hidalgo,2015,2,2015T2,2015-06-30,87.34,5.17
13,Hidalgo,2015,3,2015T3,2015-09-30,90.1,8.76
13,Hidalgo,2015,4,2015T4,2015-12-31,90.73,9.19
13,Hidalgo,2016,1,2016T1,2016-03-31,91.8,9.09
13,Hidalgo,2016,2,2016T2,2016-06-30,93.78,7.37
13,Hidalgo,2016,3,2016T3,2016-09-30,95.15,5.6
13,Hidalgo,2016,4,2016T4,2016-12-31,96.17,6.0
13,Hidalgo,2017,1,2017T1,2017-03-31,98.22,6.99
13,Hidalgo,2017,2,2017T2,2017-06-30,99.37,5.96
13,Hidalgo,2017,3,2017T3,2017-09-30,100.59,5.72
13,Hidalgo,2017,4,2017T4,2017-12-31,101.82,5.88
13,Hidalgo,2018,1,2018T1,2018-03-31,104.08,5.97
13,Hidalgo,2018,2,2018T2,2018-06-30,106.0,6.67
13,Hidalgo,2018,3,2018T3,2018-09-30,108.05,7.42
13,Hidalgo,2018,4,2018T4,2018-12-31,109.98,8.01
13,Hidalgo,2019,1,2019T1,2019-03-31,112.13,7.73
13,Hidalgo,2019,2,2019T2,2019-06-30,114.22,7.75
13,Hidalgo,2019,3,2019T3,2019-09-30,115.86,7.23
13,Hidalgo,2019,4,2019T4,2019-12-31,117.17,6.54
13,Hidalgo,2020,1,2020T1,2020-03-31,118.72,5.88
13,Hidalgo,2020,2,2020T2,2020-06-30,119.91,4.98
13,Hidalgo,2020,3,2020T3,2020-09-30,120.89,4.34
13,Hidalgo,2020,4,2020T4,2020-12-31,122.05,4.16
13,Hidalgo,2021,1,2021T1,2021-03-31,125.31,5.55
13,Hidalgo,2021,2,2021T2,2021-06-30,127.87,6.64
13,Hidalgo,2021,3,2021T3,2021-09-30,129.12,6.81
13,Hidalgo,2021,4,2021T4,2021-12-31,130.11,6.6
13,Hidalgo,2022,1,2022T1,2022-03-31,132.29,5.57
13,Hidalgo,2022,2,2022T2,2022-06-30,135.44,5.92
13,Hidalgo,2022,3,2022T3,2022-09-30,139.31,7.89
13,Hidalgo,2022,4,2022T4,2022-12-31,142.46,9.49
13,Hidalgo,2023,1,2023T1,2023-03-31,146.08,10.42
13,Hidalgo,2023,2,2023T2,2023-06-30,148.49,9.64
13,Hidalgo,2023,3,2023T3,2023-09-30,150.64,8.13
13,Hidalgo,2023,4,2023T4,2023-12-31,153.55,7.78
13,Hidalgo,2024,1,2024T1,2024-03-31,158.11,8.24
13,Hidalgo,2024,2,2024T2,2024-06-30,161.36,8.67
13,Hidalgo,2024,3,2024T3,2024-09-30,164.39,9.13
13,Hidalgo,2024,4,2024T4,2024-12-31,166.59,8.49
13,Hidalgo,2025,1,2025T1,2025-03-31,170.48,7.82
13,Hidalgo,2025,2,2025T2,2025-06-30,175.12,8.53
13,Hidalgo,2025,3,2025T3,2025-09-30,179.35,9.1
13,Hidalgo,2025,4,2025T4,2025-12-31,182.63,9.63
13,Hidalgo,2026,1,2026T1,2026-03-31,186.58,9.44
13,Hidalgo,2026,2,2026T2,2026-06-30,189.65,8.3
14,Jalisco,2005,1,2005T1,2005-03-31,55.13,
14,Jalisco,2005,2,2005T2,2005-06-30,56.53,
14,Jalisco,2005,3,2005T3,2005-09-30,57.37,
14,Jalisco,2005,4,2005T4,2005-12-31,57.21,
14,Jalisco,2006,1,2006T1,2006-03-31,58.5,6.11
14,Jalisco,2006,2,2006T2,2006-06-30,60.33,6.72
14,Jalisco,2006,3,2006T3,2006-09-30,61.51,7.22
14,Jalisco,2006,4,2006T4,2006-12-31,61.72,7.88
14,Jalisco,2007,1,2007T1,2007-03-31,63.01,7.71
14,Jalisco,2007,2,2007T2,2007-06-30,64.29,6.56
14,Jalisco,2007,3,2007T3,2007-09-30,65.21,6.02
14,Jalisco,2007,4,2007T4,2007-12-31,65.1,5.48
14,Jalisco,2008,1,2008T1,2008-03-31,66.6,5.7
14,Jalisco,2008,2,2008T2,2008-06-30,69.05,7.4
14,Jalisco,2008,3,2008T3,2008-09-30,71.2,9.19
14,Jalisco,2008,4,2008T4,2008-12-31,72.37,11.17
14,Jalisco,2009,1,2009T1,2009-03-31,73.13,9.8
14,Jalisco,2009,2,2009T2,2009-06-30,73.91,7.04
14,Jalisco,2009,3,2009T3,2009-09-30,73.71,3.53
14,Jalisco,2009,4,2009T4,2009-12-31,73.28,1.26
14,Jalisco,2010,1,2010T1,2010-03-31,73.64,0.7
14,Jalisco,2010,2,2010T2,2010-06-30,73.72,-0.26
14,Jalisco,2010,3,2010T3,2010-09-30,74.25,0.73
14,Jalisco,2010,4,2010T4,2010-12-31,74.59,1.79
14,Jalisco,2011,1,2011T1,2011-03-31,75.28,2.23
14,Jalisco,2011,2,2011T2,2011-06-30,76.04,3.15
14,Jalisco,2011,3,2011T3,2011-09-30,76.34,2.81
14,Jalisco,2011,4,2011T4,2011-12-31,76.38,2.4
14,Jalisco,2012,1,2012T1,2012-03-31,76.24,1.28
14,Jalisco,2012,2,2012T2,2012-06-30,76.38,0.45
14,Jalisco,2012,3,2012T3,2012-09-30,76.9,0.73
14,Jalisco,2012,4,2012T4,2012-12-31,77.45,1.4
14,Jalisco,2013,1,2013T1,2013-03-31,78.58,3.07
14,Jalisco,2013,2,2013T2,2013-06-30,80.17,4.96
14,Jalisco,2013,3,2013T3,2013-09-30,81.12,5.49
14,Jalisco,2013,4,2013T4,2013-12-31,81.58,5.33
14,Jalisco,2014,1,2014T1,2014-03-31,82.64,5.17
14,Jalisco,2014,2,2014T2,2014-06-30,82.2,2.53
14,Jalisco,2014,3,2014T3,2014-09-30,82.14,1.26
14,Jalisco,2014,4,2014T4,2014-12-31,82.84,1.54
14,Jalisco,2015,1,2015T1,2015-03-31,84.02,1.67
14,Jalisco,2015,2,2015T2,2015-06-30,86.41,5.12
14,Jalisco,2015,3,2015T3,2015-09-30,88.85,8.17
14,Jalisco,2015,4,2015T4,2015-12-31,89.9,8.52
14,Jalisco,2016,1,2016T1,2016-03-31,90.48,7.69
14,Jalisco,2016,2,2016T2,2016-06-30,92.0,6.47
14,Jalisco,2016,3,2016T3,2016-09-30,93.04,4.72
14,Jalisco,2016,4,2016T4,2016-12-31,93.59,4.1
14,Jalisco,2017,1,2017T1,2017-03-31,96.36,6.5
14,Jalisco,2017,2,2017T2,2017-06-30,98.69,7.27
14,Jalisco,2017,3,2017T3,2017-09-30,101.29,8.87
14,Jalisco,2017,4,2017T4,2017-12-31,103.66,10.76
14,Jalisco,2018,1,2018T1,2018-03-31,106.96,11.0
14,Jalisco,2018,2,2018T2,2018-06-30,109.82,11.28
14,Jalisco,2018,3,2018T3,2018-09-30,112.6,11.17
14,Jalisco,2018,4,2018T4,2018-12-31,115.56,11.48
14,Jalisco,2019,1,2019T1,2019-03-31,118.95,11.21
14,Jalisco,2019,2,2019T2,2019-06-30,122.28,11.35
14,Jalisco,2019,3,2019T3,2019-09-30,124.97,10.99
14,Jalisco,2019,4,2019T4,2019-12-31,127.33,10.19
14,Jalisco,2020,1,2020T1,2020-03-31,129.85,9.16
14,Jalisco,2020,2,2020T2,2020-06-30,132.08,8.01
14,Jalisco,2020,3,2020T3,2020-09-30,133.98,7.21
14,Jalisco,2020,4,2020T4,2020-12-31,136.75,7.4
14,Jalisco,2021,1,2021T1,2021-03-31,140.91,8.52
14,Jalisco,2021,2,2021T2,2021-06-30,144.37,9.3
14,Jalisco,2021,3,2021T3,2021-09-30,147.27,9.92
14,Jalisco,2021,4,2021T4,2021-12-31,148.78,8.8
14,Jalisco,2022,1,2022T1,2022-03-31,151.9,7.8
14,Jalisco,2022,2,2022T2,2022-06-30,156.4,8.33
14,Jalisco,2022,3,2022T3,2022-09-30,161.47,9.64
14,Jalisco,2022,4,2022T4,2022-12-31,165.63,11.33
14,Jalisco,2023,1,2023T1,2023-03-31,171.09,12.63
14,Jalisco,2023,2,2023T2,2023-06-30,175.34,12.11
14,Jalisco,2023,3,2023T3,2023-09-30,178.68,10.66
14,Jalisco,2023,4,2023T4,2023-12-31,182.36,10.1
14,Jalisco,2024,1,2024T1,2024-03-31,187.03,9.32
14,Jalisco,2024,2,2024T2,2024-06-30,191.23,9.06
14,Jalisco,2024,3,2024T3,2024-09-30,196.18,9.79
14,Jalisco,2024,4,2024T4,2024-12-31,199.99,9.67
14,Jalisco,2025,1,2025T1,2025-03-31,205.96,10.12
14,Jalisco,2025,2,2025T2,2025-06-30,213.43,11.61
14,Jalisco,2025,3,2025T3,2025-09-30,220.2,12.24
14,Jalisco,2025,4,2025T4,2025-12-31,225.78,12.9
14,Jalisco,2026,1,2026T1,2026-03-31,231.47,12.39
14,Jalisco,2026,2,2026T2,2026-06-30,235.05,10.13
15,México,2005,1,2005T1,2005-03-31,47.14,
15,México,2005,2,2005T2,2005-06-30,49.99,
15,México,2005,3,2005T3,2005-09-30,51.21,
15,México,2005,4,2005T4,2005-12-31,51.11,
15,México,2006,1,2006T1,2006-03-31,51.75,9.78
15,México,2006,2,2006T2,2006-06-30,53.03,6.08
15,México,2006,3,2006T3,2006-09-30,53.53,4.53
15,México,2006,4,2006T4,2006-12-31,53.68,5.03
15,México,2007,1,2007T1,2007-03-31,54.62,5.55
15,México,2007,2,2007T2,2007-06-30,56.3,6.17
15,México,2007,3,2007T3,2007-09-30,57.7,7.79
15,México,2007,4,2007T4,2007-12-31,57.79,7.66
15,México,2008,1,2008T1,2008-03-31,58.17,6.5
15,México,2008,2,2008T2,2008-06-30,60.12,6.79
15,México,2008,3,2008T3,2008-09-30,61.86,7.21
15,México,2008,4,2008T4,2008-12-31,63.0,9.02
15,México,2009,1,2009T1,2009-03-31,63.76,9.61
15,México,2009,2,2009T2,2009-06-30,64.35,7.04
15,México,2009,3,2009T3,2009-09-30,64.34,4.01
15,México,2009,4,2009T4,2009-12-31,64.23,1.95
15,México,2010,1,2010T1,2010-03-31,65.91,3.37
15,México,2010,2,2010T2,2010-06-30,67.44,4.8
15,México,2010,3,2010T3,2010-09-30,68.54,6.53
15,México,2010,4,2010T4,2010-12-31,69.4,8.05
15,México,2011,1,2011T1,2011-03-31,70.65,7.19
15,México,2011,2,2011T2,2011-06-30,71.81,6.48
15,México,2011,3,2011T3,2011-09-30,72.79,6.2
15,México,2011,4,2011T4,2011-12-31,73.45,5.84
15,México,2012,1,2012T1,2012-03-31,73.9,4.6
15,México,2012,2,2012T2,2012-06-30,74.28,3.44
15,México,2012,3,2012T3,2012-09-30,74.73,2.67
15,México,2012,4,2012T4,2012-12-31,75.11,2.26
15,México,2013,1,2013T1,2013-03-31,76.09,2.96
15,México,2013,2,2013T2,2013-06-30,77.29,4.05
15,México,2013,3,2013T3,2013-09-30,78.78,5.42
15,México,2013,4,2013T4,2013-12-31,79.87,6.34
15,México,2014,1,2014T1,2014-03-31,81.13,6.62
15,México,2014,2,2014T2,2014-06-30,81.64,5.63
15,México,2014,3,2014T3,2014-09-30,82.02,4.11
15,México,2014,4,2014T4,2014-12-31,82.74,3.59
15,México,2015,1,2015T1,2015-03-31,84.0,3.54
15,México,2015,2,2015T2,2015-06-30,86.76,6.27
15,México,2015,3,2015T3,2015-09-30,89.32,8.9
15,México,2015,4,2015T4,2015-12-31,90.35,9.2
15,México,2016,1,2016T1,2016-03-31,91.41,8.82
15,México,2016,2,2016T2,2016-06-30,93.13,7.34
15,México,2016,3,2016T3,2016-09-30,94.33,5.61
15,México,2016,4,2016T4,2016-12-31,95.18,5.35
15,México,2017,1,2017T1,2017-03-31,97.53,6.7
15,México,2017,2,2017T2,2017-06-30,99.14,6.45
15,México,2017,3,2017T3,2017-09-30,100.87,6.93
15,México,2017,4,2017T4,2017-12-31,102.46,7.65
15,México,2018,1,2018T1,2018-03-31,105.06,7.72
15,México,2018,2,2018T2,2018-06-30,107.32,8.25
15,México,2018,3,2018T3,2018-09-30,109.48,8.54
15,México,2018,4,2018T4,2018-12-31,110.99,8.33
15,México,2019,1,2019T1,2019-03-31,113.05,7.61
15,México,2019,2,2019T2,2019-06-30,115.1,7.25
15,México,2019,3,2019T3,2019-09-30,116.63,6.53
15,México,2019,4,2019T4,2019-12-31,118.31,6.6
15,México,2020,1,2020T1,2020-03-31,120.18,6.31
15,México,2020,2,2020T2,2020-06-30,121.3,5.39
15,México,2020,3,2020T3,2020-09-30,121.95,4.56
15,México,2020,4,2020T4,2020-12-31,123.26,4.18
15,México,2021,1,2021T1,2021-03-31,126.63,5.37
15,México,2021,2,2021T2,2021-06-30,129.47,6.74
15,México,2021,3,2021T3,2021-09-30,131.1,7.5
15,México,2021,4,2021T4,2021-12-31,132.4,7.42
15,México,2022,1,2022T1,2022-03-31,134.38,6.12
15,México,2022,2,2022T2,2022-06-30,136.81,5.67
15,México,2022,3,2022T3,2022-09-30,139.72,6.58
15,México,2022,4,2022T4,2022-12-31,140.41,6.05
15,México,2023,1,2023T1,2023-03-31,143.06,6.46
15,México,2023,2,2023T2,2023-06-30,145.44,6.31
15,México,2023,3,2023T3,2023-09-30,147.59,5.63
15,México,2023,4,2023T4,2023-12-31,149.74,6.64
15,México,2024,1,2024T1,2024-03-31,153.87,7.56
15,México,2024,2,2024T2,2024-06-30,156.88,7.87
15,México,2024,3,2024T3,2024-09-30,159.14,7.83
15,México,2024,4,2024T4,2024-12-31,160.51,7.19
15,México,2025,1,2025T1,2025-03-31,162.41,5.55
15,México,2025,2,2025T2,2025-06-30,165.0,5.18
15,México,2025,3,2025T3,2025-09-30,167.08,4.99
15,México,2025,4,2025T4,2025-12-31,168.65,5.07
15,México,2026,1,2026T1,2026-03-31,171.47,5.58
15,México,2026,2,2026T2,2026-06-30,174.07,5.5
16,Michoacán,2005,1,2005T1,2005-03-31,53.3,
16,Michoacán,2005,2,2005T2,2005-06-30,55.35,
16,Michoacán,2005,3,2005T3,2005-09-30,56.11,
16,Michoacán,2005,4,2005T4,2005-12-31,56.31,
16,Michoacán,2006,1,2006T1,2006-03-31,56.9,6.75
16,Michoacán,2006,2,2006T2,2006-06-30,58.44,5.58
16,Michoacán,2006,3,2006T3,2006-09-30,59.48,6.01
16,Michoacán,2006,4,2006T4,2006-12-31,59.97,6.5
16,Michoacán,2007,1,2007T1,2007-03-31,61.13,7.43
16,Michoacán,2007,2,2007T2,2007-06-30,62.91,7.65
16,Michoacán,2007,3,2007T3,2007-09-30,64.23,7.99
16,Michoacán,2007,4,2007T4,2007-12-31,64.2,7.05
16,Michoacán,2008,1,2008T1,2008-03-31,64.11,4.87
16,Michoacán,2008,2,2008T2,2008-06-30,66.3,5.39
16,Michoacán,2008,3,2008T3,2008-09-30,68.29,6.32
16,Michoacán,2008,4,2008T4,2008-12-31,69.21,7.8
16,Michoacán,2009,1,2009T1,2009-03-31,70.09,9.33
16,Michoacán,2009,2,2009T2,2009-06-30,70.49,6.32
16,Michoacán,2009,3,2009T3,2009-09-30,70.24,2.86
16,Michoacán,2009,4,2009T4,2009-12-31,69.68,0.68
16,Michoacán,2010,1,2010T1,2010-03-31,69.74,-0.5
16,Michoacán,2010,2,2010T2,2010-06-30,70.16,-0.47
16,Michoacán,2010,3,2010T3,2010-09-30,70.74,0.71
16,Michoacán,2010,4,2010T4,2010-12-31,71.2,2.18
16,Michoacán,2011,1,2011T1,2011-03-31,72.21,3.54
16,Michoacán,2011,2,2011T2,2011-06-30,73.23,4.38
16,Michoacán,2011,3,2011T3,2011-09-30,73.91,4.48
16,Michoacán,2011,4,2011T4,2011-12-31,74.62,4.8
16,Michoacán,2012,1,2012T1,2012-03-31,75.02,3.89
16,Michoacán,2012,2,2012T2,2012-06-30,75.3,2.83
16,Michoacán,2012,3,2012T3,2012-09-30,76.05,2.9
16,Michoacán,2012,4,2012T4,2012-12-31,76.44,2.44
16,Michoacán,2013,1,2013T1,2013-03-31,77.67,3.53
16,Michoacán,2013,2,2013T2,2013-06-30,79.08,5.02
16,Michoacán,2013,3,2013T3,2013-09-30,79.93,5.1
16,Michoacán,2013,4,2013T4,2013-12-31,80.55,5.38
16,Michoacán,2014,1,2014T1,2014-03-31,81.22,4.57
16,Michoacán,2014,2,2014T2,2014-06-30,81.26,2.76
16,Michoacán,2014,3,2014T3,2014-09-30,81.78,2.31
16,Michoacán,2014,4,2014T4,2014-12-31,82.78,2.77
16,Michoacán,2015,1,2015T1,2015-03-31,84.39,3.9
16,Michoacán,2015,2,2015T2,2015-06-30,87.26,7.38
16,Michoacán,2015,3,2015T3,2015-09-30,89.76,9.76
16,Michoacán,2015,4,2015T4,2015-12-31,90.55,9.39
16,Michoacán,2016,1,2016T1,2016-03-31,91.46,8.38
16,Michoacán,2016,2,2016T2,2016-06-30,93.16,6.76
16,Michoacán,2016,3,2016T3,2016-09-30,94.38,5.15
16,Michoacán,2016,4,2016T4,2016-12-31,95.21,5.15
16,Michoacán,2017,1,2017T1,2017-03-31,97.41,6.51
16,Michoacán,2017,2,2017T2,2017-06-30,99.04,6.31
16,Michoacán,2017,3,2017T3,2017-09-30,100.83,6.83
16,Michoacán,2017,4,2017T4,2017-12-31,102.72,7.89
16,Michoacán,2018,1,2018T1,2018-03-31,105.28,8.08
16,Michoacán,2018,2,2018T2,2018-06-30,107.72,8.76
16,Michoacán,2018,3,2018T3,2018-09-30,109.89,8.99
16,Michoacán,2018,4,2018T4,2018-12-31,111.85,8.89
16,Michoacán,2019,1,2019T1,2019-03-31,114.45,8.71
16,Michoacán,2019,2,2019T2,2019-06-30,116.7,8.34
16,Michoacán,2019,3,2019T3,2019-09-30,118.69,8.01
16,Michoacán,2019,4,2019T4,2019-12-31,120.67,7.89
16,Michoacán,2020,1,2020T1,2020-03-31,122.37,6.92
16,Michoacán,2020,2,2020T2,2020-06-30,123.97,6.23
16,Michoacán,2020,3,2020T3,2020-09-30,125.42,5.67
16,Michoacán,2020,4,2020T4,2020-12-31,126.79,5.07
16,Michoacán,2021,1,2021T1,2021-03-31,131.36,7.35
16,Michoacán,2021,2,2021T2,2021-06-30,135.62,9.4
16,Michoacán,2021,3,2021T3,2021-09-30,138.76,10.64
16,Michoacán,2021,4,2021T4,2021-12-31,141.7,11.76
16,Michoacán,2022,1,2022T1,2022-03-31,145.79,10.99
16,Michoacán,2022,2,2022T2,2022-06-30,150.47,10.95
16,Michoacán,2022,3,2022T3,2022-09-30,155.85,12.32
16,Michoacán,2022,4,2022T4,2022-12-31,160.29,13.12
16,Michoacán,2023,1,2023T1,2023-03-31,164.04,12.52
16,Michoacán,2023,2,2023T2,2023-06-30,166.28,10.51
16,Michoacán,2023,3,2023T3,2023-09-30,168.03,7.82
16,Michoacán,2023,4,2023T4,2023-12-31,169.71,5.88
16,Michoacán,2024,1,2024T1,2024-03-31,173.75,5.92
16,Michoacán,2024,2,2024T2,2024-06-30,177.66,6.84
16,Michoacán,2024,3,2024T3,2024-09-30,181.43,7.97
16,Michoacán,2024,4,2024T4,2024-12-31,184.34,8.62
16,Michoacán,2025,1,2025T1,2025-03-31,190.15,9.44
16,Michoacán,2025,2,2025T2,2025-06-30,197.12,10.95
16,Michoacán,2025,3,2025T3,2025-09-30,203.0,11.89
16,Michoacán,2025,4,2025T4,2025-12-31,207.7,12.67
16,Michoacán,2026,1,2026T1,2026-03-31,210.51,10.71
16,Michoacán,2026,2,2026T2,2026-06-30,211.29,7.19
17,Morelos,2005,1,2005T1,2005-03-31,46.94,
17,Morelos,2005,2,2005T2,2005-06-30,49.57,
17,Morelos,2005,3,2005T3,2005-09-30,50.8,
17,Morelos,2005,4,2005T4,2005-12-31,50.83,
17,Morelos,2006,1,2006T1,2006-03-31,51.95,10.67
17,Morelos,2006,2,2006T2,2006-06-30,53.16,7.24
17,Morelos,2006,3,2006T3,2006-09-30,53.64,5.59
17,Morelos,2006,4,2006T4,2006-12-31,53.66,5.57
17,Morelos,2007,1,2007T1,2007-03-31,55.28,6.41
17,Morelos,2007,2,2007T2,2007-06-30,57.17,7.54
17,Morelos,2007,3,2007T3,2007-09-30,58.6,9.25
17,Morelos,2007,4,2007T4,2007-12-31,58.85,9.67
17,Morelos,2008,1,2008T1,2008-03-31,60.12,8.76
17,Morelos,2008,2,2008T2,2008-06-30,61.83,8.15
17,Morelos,2008,3,2008T3,2008-09-30,63.5,8.36
17,Morelos,2008,4,2008T4,2008-12-31,64.19,9.07
17,Morelos,2009,1,2009T1,2009-03-31,64.91,7.97
17,Morelos,2009,2,2009T2,2009-06-30,65.58,6.07
17,Morelos,2009,3,2009T3,2009-09-30,65.64,3.37
17,Morelos,2009,4,2009T4,2009-12-31,65.73,2.4
17,Morelos,2010,1,2010T1,2010-03-31,66.59,2.59
17,Morelos,2010,2,2010T2,2010-06-30,67.45,2.85
17,Morelos,2010,3,2010T3,2010-09-30,68.14,3.81
17,Morelos,2010,4,2010T4,2010-12-31,68.6,4.37
17,Morelos,2011,1,2011T1,2011-03-31,69.74,4.73
17,Morelos,2011,2,2011T2,2011-06-30,70.81,4.98
17,Morelos,2011,3,2011T3,2011-09-30,71.66,5.17
17,Morelos,2011,4,2011T4,2011-12-31,72.22,5.28
17,Morelos,2012,1,2012T1,2012-03-31,72.59,4.09
17,Morelos,2012,2,2012T2,2012-06-30,72.95,3.02
17,Morelos,2012,3,2012T3,2012-09-30,73.51,2.58
17,Morelos,2012,4,2012T4,2012-12-31,74.12,2.63
17,Morelos,2013,1,2013T1,2013-03-31,75.32,3.76
17,Morelos,2013,2,2013T2,2013-06-30,76.57,4.96
17,Morelos,2013,3,2013T3,2013-09-30,78.09,6.23
17,Morelos,2013,4,2013T4,2013-12-31,79.18,6.83
17,Morelos,2014,1,2014T1,2014-03-31,80.5,6.88
17,Morelos,2014,2,2014T2,2014-06-30,81.35,6.24
17,Morelos,2014,3,2014T3,2014-09-30,81.89,4.87
17,Morelos,2014,4,2014T4,2014-12-31,82.73,4.48
17,Morelos,2015,1,2015T1,2015-03-31,84.07,4.43
17,Morelos,2015,2,2015T2,2015-06-30,86.81,6.71
17,Morelos,2015,3,2015T3,2015-09-30,89.27,9.01
17,Morelos,2015,4,2015T4,2015-12-31,90.38,9.25
17,Morelos,2016,1,2016T1,2016-03-31,91.44,8.77
17,Morelos,2016,2,2016T2,2016-06-30,93.27,7.44
17,Morelos,2016,3,2016T3,2016-09-30,94.65,6.03
17,Morelos,2016,4,2016T4,2016-12-31,95.57,5.74
17,Morelos,2017,1,2017T1,2017-03-31,97.89,7.05
17,Morelos,2017,2,2017T2,2017-06-30,99.44,6.62
17,Morelos,2017,3,2017T3,2017-09-30,100.79,6.49
17,Morelos,2017,4,2017T4,2017-12-31,101.89,6.61
17,Morelos,2018,1,2018T1,2018-03-31,104.44,6.69
17,Morelos,2018,2,2018T2,2018-06-30,106.64,7.24
17,Morelos,2018,3,2018T3,2018-09-30,108.88,8.03
17,Morelos,2018,4,2018T4,2018-12-31,110.74,8.69
17,Morelos,2019,1,2019T1,2019-03-31,112.87,8.07
17,Morelos,2019,2,2019T2,2019-06-30,115.06,7.9
17,Morelos,2019,3,2019T3,2019-09-30,116.74,7.22
17,Morelos,2019,4,2019T4,2019-12-31,118.38,6.9
17,Morelos,2020,1,2020T1,2020-03-31,120.22,6.51
17,Morelos,2020,2,2020T2,2020-06-30,121.22,5.35
17,Morelos,2020,3,2020T3,2020-09-30,121.67,4.22
17,Morelos,2020,4,2020T4,2020-12-31,123.2,4.07
17,Morelos,2021,1,2021T1,2021-03-31,127.28,5.87
17,Morelos,2021,2,2021T2,2021-06-30,131.34,8.35
17,Morelos,2021,3,2021T3,2021-09-30,134.67,10.68
17,Morelos,2021,4,2021T4,2021-12-31,137.59,11.68
17,Morelos,2022,1,2022T1,2022-03-31,140.69,10.54
17,Morelos,2022,2,2022T2,2022-06-30,144.18,9.78
17,Morelos,2022,3,2022T3,2022-09-30,148.39,10.19
17,Morelos,2022,4,2022T4,2022-12-31,149.89,8.94
17,Morelos,2023,1,2023T1,2023-03-31,153.07,8.8
17,Morelos,2023,2,2023T2,2023-06-30,156.4,8.48
17,Morelos,2023,3,2023T3,2023-09-30,158.76,6.99
17,Morelos,2023,4,2023T4,2023-12-31,160.44,7.04
17,Morelos,2024,1,2024T1,2024-03-31,166.53,8.79
17,Morelos,2024,2,2024T2,2024-06-30,171.54,9.68
17,Morelos,2024,3,2024T3,2024-09-30,175.75,10.7
17,Morelos,2024,4,2024T4,2024-12-31,179.37,11.8
17,Morelos,2025,1,2025T1,2025-03-31,184.29,10.66
17,Morelos,2025,2,2025T2,2025-06-30,190.34,10.96
17,Morelos,2025,3,2025T3,2025-09-30,195.25,11.1
17,Morelos,2025,4,2025T4,2025-12-31,198.94,10.91
17,Morelos,2026,1,2026T1,2026-03-31,200.84,8.98
17,Morelos,2026,2,2026T2,2026-06-30,200.43,5.3
18,Nayarit,2005,1,2005T1,2005-03-31,51.73,
18,Nayarit,2005,2,2005T2,2005-06-30,53.54,
18,Nayarit,2005,3,2005T3,2005-09-30,54.27,
18,Nayarit,2005,4,2005T4,2005-12-31,54.45,
18,Nayarit,2006,1,2006T1,2006-03-31,55.61,7.5
18,Nayarit,2006,2,2006T2,2006-06-30,56.97,6.41
18,Nayarit,2006,3,2006T3,2006-09-30,57.79,6.49
18,Nayarit,2006,4,2006T4,2006-12-31,57.96,6.45
18,Nayarit,2007,1,2007T1,2007-03-31,59.91,7.73
18,Nayarit,2007,2,2007T2,2007-06-30,61.68,8.27
18,Nayarit,2007,3,2007T3,2007-09-30,62.97,8.96
18,Nayarit,2007,4,2007T4,2007-12-31,63.13,8.92
18,Nayarit,2008,1,2008T1,2008-03-31,64.38,7.46
18,Nayarit,2008,2,2008T2,2008-06-30,66.29,7.47
18,Nayarit,2008,3,2008T3,2008-09-30,68.1,8.15
18,Nayarit,2008,4,2008T4,2008-12-31,68.45,8.43
18,Nayarit,2009,1,2009T1,2009-03-31,69.26,7.58
18,Nayarit,2009,2,2009T2,2009-06-30,70.02,5.63
18,Nayarit,2009,3,2009T3,2009-09-30,70.05,2.86
18,Nayarit,2009,4,2009T4,2009-12-31,69.83,2.02
18,Nayarit,2010,1,2010T1,2010-03-31,70.11,1.23
18,Nayarit,2010,2,2010T2,2010-06-30,70.67,0.93
18,Nayarit,2010,3,2010T3,2010-09-30,71.31,1.8
18,Nayarit,2010,4,2010T4,2010-12-31,72.11,3.27
18,Nayarit,2011,1,2011T1,2011-03-31,73.63,5.02
18,Nayarit,2011,2,2011T2,2011-06-30,74.72,5.73
18,Nayarit,2011,3,2011T3,2011-09-30,75.41,5.75
18,Nayarit,2011,4,2011T4,2011-12-31,75.91,5.27
18,Nayarit,2012,1,2012T1,2012-03-31,76.15,3.42
18,Nayarit,2012,2,2012T2,2012-06-30,76.41,2.26
18,Nayarit,2012,3,2012T3,2012-09-30,77.16,2.32
18,Nayarit,2012,4,2012T4,2012-12-31,77.73,2.4
18,Nayarit,2013,1,2013T1,2013-03-31,78.72,3.37
18,Nayarit,2013,2,2013T2,2013-06-30,79.68,4.28
18,Nayarit,2013,3,2013T3,2013-09-30,80.24,3.99
18,Nayarit,2013,4,2013T4,2013-12-31,80.22,3.2
18,Nayarit,2014,1,2014T1,2014-03-31,80.75,2.58
18,Nayarit,2014,2,2014T2,2014-06-30,80.72,1.31
18,Nayarit,2014,3,2014T3,2014-09-30,80.72,0.6
18,Nayarit,2014,4,2014T4,2014-12-31,81.43,1.51
18,Nayarit,2015,1,2015T1,2015-03-31,82.65,2.35
18,Nayarit,2015,2,2015T2,2015-06-30,85.3,5.67
18,Nayarit,2015,3,2015T3,2015-09-30,87.57,8.49
18,Nayarit,2015,4,2015T4,2015-12-31,88.27,8.4
18,Nayarit,2016,1,2016T1,2016-03-31,89.33,8.08
18,Nayarit,2016,2,2016T2,2016-06-30,91.35,7.09
18,Nayarit,2016,3,2016T3,2016-09-30,93.11,6.33
18,Nayarit,2016,4,2016T4,2016-12-31,94.3,6.83
18,Nayarit,2017,1,2017T1,2017-03-31,97.12,8.72
18,Nayarit,2017,2,2017T2,2017-06-30,99.25,8.65
18,Nayarit,2017,3,2017T3,2017-09-30,100.96,8.43
18,Nayarit,2017,4,2017T4,2017-12-31,102.67,8.88
18,Nayarit,2018,1,2018T1,2018-03-31,105.41,8.54
18,Nayarit,2018,2,2018T2,2018-06-30,107.56,8.37
18,Nayarit,2018,3,2018T3,2018-09-30,110.24,9.19
18,Nayarit,2018,4,2018T4,2018-12-31,113.08,10.14
18,Nayarit,2019,1,2019T1,2019-03-31,116.04,10.08
18,Nayarit,2019,2,2019T2,2019-06-30,118.81,10.46
18,Nayarit,2019,3,2019T3,2019-09-30,120.96,9.72
18,Nayarit,2019,4,2019T4,2019-12-31,122.75,8.55
18,Nayarit,2020,1,2020T1,2020-03-31,124.87,7.61
18,Nayarit,2020,2,2020T2,2020-06-30,126.82,6.74
18,Nayarit,2020,3,2020T3,2020-09-30,128.9,6.56
18,Nayarit,2020,4,2020T4,2020-12-31,131.96,7.5
18,Nayarit,2021,1,2021T1,2021-03-31,136.48,9.3
18,Nayarit,2021,2,2021T2,2021-06-30,140.76,10.99
18,Nayarit,2021,3,2021T3,2021-09-30,144.6,12.18
18,Nayarit,2021,4,2021T4,2021-12-31,148.19,12.3
18,Nayarit,2022,1,2022T1,2022-03-31,153.17,12.23
18,Nayarit,2022,2,2022T2,2022-06-30,159.02,12.97
18,Nayarit,2022,3,2022T3,2022-09-30,165.48,14.44
18,Nayarit,2022,4,2022T4,2022-12-31,170.33,14.94
18,Nayarit,2023,1,2023T1,2023-03-31,175.57,14.62
18,Nayarit,2023,2,2023T2,2023-06-30,181.1,13.89
18,Nayarit,2023,3,2023T3,2023-09-30,185.86,12.32
18,Nayarit,2023,4,2023T4,2023-12-31,190.37,11.77
18,Nayarit,2024,1,2024T1,2024-03-31,195.88,11.57
18,Nayarit,2024,2,2024T2,2024-06-30,200.1,10.49
18,Nayarit,2024,3,2024T3,2024-09-30,205.12,10.36
18,Nayarit,2024,4,2024T4,2024-12-31,209.91,10.26
18,Nayarit,2025,1,2025T1,2025-03-31,217.02,10.79
18,Nayarit,2025,2,2025T2,2025-06-30,225.33,12.61
18,Nayarit,2025,3,2025T3,2025-09-30,232.12,13.16
18,Nayarit,2025,4,2025T4,2025-12-31,237.09,12.95
18,Nayarit,2026,1,2026T1,2026-03-31,242.41,11.7
18,Nayarit,2026,2,2026T2,2026-06-30,246.82,9.54
19,Nuevo León,2005,1,2005T1,2005-03-31,50.9,
19,Nuevo León,2005,2,2005T2,2005-06-30,52.7,
19,Nuevo León,2005,3,2005T3,2005-09-30,53.72,
19,Nuevo León,2005,4,2005T4,2005-12-31,53.57,
19,Nuevo León,2006,1,2006T1,2006-03-31,54.72,7.5
19,Nuevo León,2006,2,2006T2,2006-06-30,56.15,6.55
19,Nuevo León,2006,3,2006T3,2006-09-30,56.71,5.57
19,Nuevo León,2006,4,2006T4,2006-12-31,57.07,6.53
19,Nuevo León,2007,1,2007T1,2007-03-31,58.67,7.22
19,Nuevo León,2007,2,2007T2,2007-06-30,60.23,7.27
19,Nuevo León,2007,3,2007T3,2007-09-30,61.59,8.61
19,Nuevo León,2007,4,2007T4,2007-12-31,61.66,8.04
19,Nuevo León,2008,1,2008T1,2008-03-31,62.65,6.78
19,Nuevo León,2008,2,2008T2,2008-06-30,64.52,7.12
19,Nuevo León,2008,3,2008T3,2008-09-30,66.26,7.58
19,Nuevo León,2008,4,2008T4,2008-12-31,66.86,8.43
19,Nuevo León,2009,1,2009T1,2009-03-31,67.79,8.2
19,Nuevo León,2009,2,2009T2,2009-06-30,68.67,6.43
19,Nuevo León,2009,3,2009T3,2009-09-30,68.89,3.97
19,Nuevo León,2009,4,2009T4,2009-12-31,68.84,2.96
19,Nuevo León,2010,1,2010T1,2010-03-31,69.14,1.99
19,Nuevo León,2010,2,2010T2,2010-06-30,69.52,1.24
19,Nuevo León,2010,3,2010T3,2010-09-30,69.89,1.45
19,Nuevo León,2010,4,2010T4,2010-12-31,70.46,2.35
19,Nuevo León,2011,1,2011T1,2011-03-31,71.45,3.34
19,Nuevo León,2011,2,2011T2,2011-06-30,72.39,4.13
19,Nuevo León,2011,3,2011T3,2011-09-30,73.1,4.59
19,Nuevo León,2011,4,2011T4,2011-12-31,73.62,4.48
19,Nuevo León,2012,1,2012T1,2012-03-31,73.93,3.47
19,Nuevo León,2012,2,2012T2,2012-06-30,74.13,2.4
19,Nuevo León,2012,3,2012T3,2012-09-30,74.69,2.18
19,Nuevo León,2012,4,2012T4,2012-12-31,75.13,2.05
19,Nuevo León,2013,1,2013T1,2013-03-31,76.29,3.19
19,Nuevo León,2013,2,2013T2,2013-06-30,77.59,4.67
19,Nuevo León,2013,3,2013T3,2013-09-30,78.36,4.91
19,Nuevo León,2013,4,2013T4,2013-12-31,78.63,4.66
19,Nuevo León,2014,1,2014T1,2014-03-31,79.42,4.1
19,Nuevo León,2014,2,2014T2,2014-06-30,79.46,2.41
19,Nuevo León,2014,3,2014T3,2014-09-30,79.85,1.9
19,Nuevo León,2014,4,2014T4,2014-12-31,80.84,2.81
19,Nuevo León,2015,1,2015T1,2015-03-31,82.3,3.63
19,Nuevo León,2015,2,2015T2,2015-06-30,85.24,7.27
19,Nuevo León,2015,3,2015T3,2015-09-30,87.85,10.02
19,Nuevo León,2015,4,2015T4,2015-12-31,88.77,9.81
19,Nuevo León,2016,1,2016T1,2016-03-31,89.73,9.03
19,Nuevo León,2016,2,2016T2,2016-06-30,91.47,7.31
19,Nuevo León,2016,3,2016T3,2016-09-30,92.91,5.76
19,Nuevo León,2016,4,2016T4,2016-12-31,94.02,5.91
19,Nuevo León,2017,1,2017T1,2017-03-31,96.77,7.85
19,Nuevo León,2017,2,2017T2,2017-06-30,98.98,8.21
19,Nuevo León,2017,3,2017T3,2017-09-30,101.04,8.75
19,Nuevo León,2017,4,2017T4,2017-12-31,103.21,9.77
19,Nuevo León,2018,1,2018T1,2018-03-31,106.11,9.65
19,Nuevo León,2018,2,2018T2,2018-06-30,108.45,9.57
19,Nuevo León,2018,3,2018T3,2018-09-30,111.11,9.97
19,Nuevo León,2018,4,2018T4,2018-12-31,113.52,9.99
19,Nuevo León,2019,1,2019T1,2019-03-31,116.17,9.48
19,Nuevo León,2019,2,2019T2,2019-06-30,118.77,9.52
19,Nuevo León,2019,3,2019T3,2019-09-30,120.67,8.6
19,Nuevo León,2019,4,2019T4,2019-12-31,122.61,8.01
19,Nuevo León,2020,1,2020T1,2020-03-31,124.8,7.43
19,Nuevo León,2020,2,2020T2,2020-06-30,126.85,6.8
19,Nuevo León,2020,3,2020T3,2020-09-30,129.01,6.91
19,Nuevo León,2020,4,2020T4,2020-12-31,131.35,7.13
19,Nuevo León,2021,1,2021T1,2021-03-31,135.14,8.29
19,Nuevo León,2021,2,2021T2,2021-06-30,138.29,9.02
19,Nuevo León,2021,3,2021T3,2021-09-30,140.42,8.84
19,Nuevo León,2021,4,2021T4,2021-12-31,142.35,8.37
19,Nuevo León,2022,1,2022T1,2022-03-31,145.69,7.81
19,Nuevo León,2022,2,2022T2,2022-06-30,149.59,8.17
19,Nuevo León,2022,3,2022T3,2022-09-30,153.94,9.63
19,Nuevo León,2022,4,2022T4,2022-12-31,157.08,10.35
19,Nuevo León,2023,1,2023T1,2023-03-31,161.77,11.04
19,Nuevo León,2023,2,2023T2,2023-06-30,166.62,11.38
19,Nuevo León,2023,3,2023T3,2023-09-30,171.19,11.21
19,Nuevo León,2023,4,2023T4,2023-12-31,175.6,11.79
19,Nuevo León,2024,1,2024T1,2024-03-31,181.15,11.98
19,Nuevo León,2024,2,2024T2,2024-06-30,185.4,11.27
19,Nuevo León,2024,3,2024T3,2024-09-30,189.68,10.8
19,Nuevo León,2024,4,2024T4,2024-12-31,193.13,9.98
19,Nuevo León,2025,1,2025T1,2025-03-31,198.22,9.42
19,Nuevo León,2025,2,2025T2,2025-06-30,203.9,9.98
19,Nuevo León,2025,3,2025T3,2025-09-30,208.77,10.06
19,Nuevo León,2025,4,2025T4,2025-12-31,212.56,10.06
19,Nuevo León,2026,1,2026T1,2026-03-31,216.29,9.12
19,Nuevo León,2026,2,2026T2,2026-06-30,219.31,7.56
20,Oaxaca,2005,1,2005T1,2005-03-31,51.27,
20,Oaxaca,2005,2,2005T2,2005-06-30,52.28,
20,Oaxaca,2005,3,2005T3,2005-09-30,53.32,
20,Oaxaca,2005,4,2005T4,2005-12-31,53.25,
20,Oaxaca,2006,1,2006T1,2006-03-31,54.79,6.87
20,Oaxaca,2006,2,2006T2,2006-06-30,56.61,8.28
20,Oaxaca,2006,3,2006T3,2006-09-30,57.68,8.18
20,Oaxaca,2006,4,2006T4,2006-12-31,58.08,9.07
20,Oaxaca,2007,1,2007T1,2007-03-31,59.36,8.34
20,Oaxaca,2007,2,2007T2,2007-06-30,60.75,7.31
20,Oaxaca,2007,3,2007T3,2007-09-30,61.92,7.35
20,Oaxaca,2007,4,2007T4,2007-12-31,61.72,6.27
20,Oaxaca,2008,1,2008T1,2008-03-31,62.34,5.02
20,Oaxaca,2008,2,2008T2,2008-06-30,63.68,4.82
20,Oaxaca,2008,3,2008T3,2008-09-30,64.62,4.36
20,Oaxaca,2008,4,2008T4,2008-12-31,65.15,5.56
20,Oaxaca,2009,1,2009T1,2009-03-31,65.99,5.85
20,Oaxaca,2009,2,2009T2,2009-06-30,66.92,5.09
20,Oaxaca,2009,3,2009T3,2009-09-30,66.96,3.62
20,Oaxaca,2009,4,2009T4,2009-12-31,66.32,1.8
20,Oaxaca,2010,1,2010T1,2010-03-31,66.41,0.64
20,Oaxaca,2010,2,2010T2,2010-06-30,66.66,-0.39
20,Oaxaca,2010,3,2010T3,2010-09-30,67.42,0.69
20,Oaxaca,2010,4,2010T4,2010-12-31,68.5,3.29
20,Oaxaca,2011,1,2011T1,2011-03-31,70.03,5.45
20,Oaxaca,2011,2,2011T2,2011-06-30,71.47,7.22
20,Oaxaca,2011,3,2011T3,2011-09-30,72.43,7.43
20,Oaxaca,2011,4,2011T4,2011-12-31,73.17,6.82
20,Oaxaca,2012,1,2012T1,2012-03-31,73.52,4.98
20,Oaxaca,2012,2,2012T2,2012-06-30,73.69,3.11
20,Oaxaca,2012,3,2012T3,2012-09-30,74.13,2.35
20,Oaxaca,2012,4,2012T4,2012-12-31,74.8,2.23
20,Oaxaca,2013,1,2013T1,2013-03-31,76.21,3.66
20,Oaxaca,2013,2,2013T2,2013-06-30,78.03,5.89
20,Oaxaca,2013,3,2013T3,2013-09-30,79.41,7.12
20,Oaxaca,2013,4,2013T4,2013-12-31,80.17,7.18
20,Oaxaca,2014,1,2014T1,2014-03-31,81.26,6.63
20,Oaxaca,2014,2,2014T2,2014-06-30,81.65,4.64
20,Oaxaca,2014,3,2014T3,2014-09-30,82.46,3.84
20,Oaxaca,2014,4,2014T4,2014-12-31,83.5,4.15
20,Oaxaca,2015,1,2015T1,2015-03-31,85.02,4.63
20,Oaxaca,2015,2,2015T2,2015-06-30,87.79,7.52
20,Oaxaca,2015,3,2015T3,2015-09-30,90.39,9.62
20,Oaxaca,2015,4,2015T4,2015-12-31,91.25,9.28
20,Oaxaca,2016,1,2016T1,2016-03-31,92.04,8.26
20,Oaxaca,2016,2,2016T2,2016-06-30,93.63,6.65
20,Oaxaca,2016,3,2016T3,2016-09-30,94.62,4.68
20,Oaxaca,2016,4,2016T4,2016-12-31,95.07,4.19
20,Oaxaca,2017,1,2017T1,2017-03-31,97.28,5.69
20,Oaxaca,2017,2,2017T2,2017-06-30,99.12,5.86
20,Oaxaca,2017,3,2017T3,2017-09-30,100.83,6.56
20,Oaxaca,2017,4,2017T4,2017-12-31,102.76,8.09
20,Oaxaca,2018,1,2018T1,2018-03-31,105.44,8.39
20,Oaxaca,2018,2,2018T2,2018-06-30,107.38,8.33
20,Oaxaca,2018,3,2018T3,2018-09-30,109.15,8.25
20,Oaxaca,2018,4,2018T4,2018-12-31,110.9,7.92
20,Oaxaca,2019,1,2019T1,2019-03-31,113.01,7.18
20,Oaxaca,2019,2,2019T2,2019-06-30,114.99,7.09
20,Oaxaca,2019,3,2019T3,2019-09-30,116.8,7.01
20,Oaxaca,2019,4,2019T4,2019-12-31,118.41,6.77
20,Oaxaca,2020,1,2020T1,2020-03-31,120.26,6.42
20,Oaxaca,2020,2,2020T2,2020-06-30,121.81,5.93
20,Oaxaca,2020,3,2020T3,2020-09-30,123.27,5.54
20,Oaxaca,2020,4,2020T4,2020-12-31,125.45,5.95
20,Oaxaca,2021,1,2021T1,2021-03-31,128.92,7.2
20,Oaxaca,2021,2,2021T2,2021-06-30,131.94,8.32
20,Oaxaca,2021,3,2021T3,2021-09-30,133.62,8.4
20,Oaxaca,2021,4,2021T4,2021-12-31,134.63,7.32
20,Oaxaca,2022,1,2022T1,2022-03-31,136.76,6.08
20,Oaxaca,2022,2,2022T2,2022-06-30,139.75,5.92
20,Oaxaca,2022,3,2022T3,2022-09-30,143.17,7.15
20,Oaxaca,2022,4,2022T4,2022-12-31,145.43,8.02
20,Oaxaca,2023,1,2023T1,2023-03-31,149.0,8.95
20,Oaxaca,2023,2,2023T2,2023-06-30,151.97,8.74
20,Oaxaca,2023,3,2023T3,2023-09-30,155.62,8.7
20,Oaxaca,2023,4,2023T4,2023-12-31,159.42,9.62
20,Oaxaca,2024,1,2024T1,2024-03-31,165.38,10.99
20,Oaxaca,2024,2,2024T2,2024-06-30,170.74,12.35
20,Oaxaca,2024,3,2024T3,2024-09-30,174.68,12.25
20,Oaxaca,2024,4,2024T4,2024-12-31,177.53,11.36
20,Oaxaca,2025,1,2025T1,2025-03-31,180.65,9.23
20,Oaxaca,2025,2,2025T2,2025-06-30,183.77,7.63
20,Oaxaca,2025,3,2025T3,2025-09-30,186.55,6.8
20,Oaxaca,2025,4,2025T4,2025-12-31,189.21,6.58
20,Oaxaca,2026,1,2026T1,2026-03-31,192.9,6.78
20,Oaxaca,2026,2,2026T2,2026-06-30,196.61,6.99
21,Puebla,2005,1,2005T1,2005-03-31,50.35,
21,Puebla,2005,2,2005T2,2005-06-30,51.65,
21,Puebla,2005,3,2005T3,2005-09-30,52.54,
21,Puebla,2005,4,2005T4,2005-12-31,52.38,
21,Puebla,2006,1,2006T1,2006-03-31,53.72,6.69
21,Puebla,2006,2,2006T2,2006-06-30,55.49,7.43
21,Puebla,2006,3,2006T3,2006-09-30,56.59,7.71
21,Puebla,2006,4,2006T4,2006-12-31,57.13,9.07
21,Puebla,2007,1,2007T1,2007-03-31,58.36,8.64
21,Puebla,2007,2,2007T2,2007-06-30,59.75,7.68
21,Puebla,2007,3,2007T3,2007-09-30,60.9,7.62
21,Puebla,2007,4,2007T4,2007-12-31,60.7,6.25
21,Puebla,2008,1,2008T1,2008-03-31,61.15,4.78
21,Puebla,2008,2,2008T2,2008-06-30,62.64,4.84
21,Puebla,2008,3,2008T3,2008-09-30,63.86,4.86
21,Puebla,2008,4,2008T4,2008-12-31,64.48,6.23
21,Puebla,2009,1,2009T1,2009-03-31,65.54,7.18
21,Puebla,2009,2,2009T2,2009-06-30,66.66,6.42
21,Puebla,2009,3,2009T3,2009-09-30,66.76,4.54
21,Puebla,2009,4,2009T4,2009-12-31,66.15,2.59
21,Puebla,2010,1,2010T1,2010-03-31,66.25,1.08
21,Puebla,2010,2,2010T2,2010-06-30,66.44,-0.33
21,Puebla,2010,3,2010T3,2010-09-30,67.06,0.45
21,Puebla,2010,4,2010T4,2010-12-31,68.12,2.98
21,Puebla,2011,1,2011T1,2011-03-31,69.57,5.01
21,Puebla,2011,2,2011T2,2011-06-30,70.73,6.46
21,Puebla,2011,3,2011T3,2011-09-30,71.47,6.58
21,Puebla,2011,4,2011T4,2011-12-31,71.98,5.67
21,Puebla,2012,1,2012T1,2012-03-31,72.15,3.71
21,Puebla,2012,2,2012T2,2012-06-30,72.37,2.32
21,Puebla,2012,3,2012T3,2012-09-30,72.9,2.0
21,Puebla,2012,4,2012T4,2012-12-31,73.67,2.35
21,Puebla,2013,1,2013T1,2013-03-31,74.99,3.94
21,Puebla,2013,2,2013T2,2013-06-30,76.58,5.82
21,Puebla,2013,3,2013T3,2013-09-30,77.85,6.79
21,Puebla,2013,4,2013T4,2013-12-31,78.41,6.43
21,Puebla,2014,1,2014T1,2014-03-31,79.31,5.76
21,Puebla,2014,2,2014T2,2014-06-30,79.5,3.81
21,Puebla,2014,3,2014T3,2014-09-30,79.94,2.68
21,Puebla,2014,4,2014T4,2014-12-31,80.76,3.0
21,Puebla,2015,1,2015T1,2015-03-31,82.25,3.71
21,Puebla,2015,2,2015T2,2015-06-30,85.18,7.14
21,Puebla,2015,3,2015T3,2015-09-30,88.07,10.17
21,Puebla,2015,4,2015T4,2015-12-31,89.34,10.62
21,Puebla,2016,1,2016T1,2016-03-31,90.52,10.05
21,Puebla,2016,2,2016T2,2016-06-30,92.34,8.41
21,Puebla,2016,3,2016T3,2016-09-30,93.65,6.34
21,Puebla,2016,4,2016T4,2016-12-31,94.52,5.8
21,Puebla,2017,1,2017T1,2017-03-31,97.03,7.19
21,Puebla,2017,2,2017T2,2017-06-30,99.04,7.26
21,Puebla,2017,3,2017T3,2017-09-30,100.95,7.79
21,Puebla,2017,4,2017T4,2017-12-31,102.99,8.96
21,Puebla,2018,1,2018T1,2018-03-31,105.87,9.11
21,Puebla,2018,2,2018T2,2018-06-30,108.2,9.25
21,Puebla,2018,3,2018T3,2018-09-30,110.44,9.4
21,Puebla,2018,4,2018T4,2018-12-31,112.74,9.47
21,Puebla,2019,1,2019T1,2019-03-31,115.16,8.77
21,Puebla,2019,2,2019T2,2019-06-30,117.37,8.48
21,Puebla,2019,3,2019T3,2019-09-30,119.6,8.29
21,Puebla,2019,4,2019T4,2019-12-31,121.63,7.89
21,Puebla,2020,1,2020T1,2020-03-31,123.72,7.43
21,Puebla,2020,2,2020T2,2020-06-30,125.67,7.07
21,Puebla,2020,3,2020T3,2020-09-30,127.44,6.56
21,Puebla,2020,4,2020T4,2020-12-31,129.96,6.85
21,Puebla,2021,1,2021T1,2021-03-31,133.72,8.08
21,Puebla,2021,2,2021T2,2021-06-30,137.13,9.12
21,Puebla,2021,3,2021T3,2021-09-30,139.7,9.62
21,Puebla,2021,4,2021T4,2021-12-31,141.75,9.07
21,Puebla,2022,1,2022T1,2022-03-31,144.83,8.31
21,Puebla,2022,2,2022T2,2022-06-30,148.47,8.27
21,Puebla,2022,3,2022T3,2022-09-30,151.82,8.68
21,Puebla,2022,4,2022T4,2022-12-31,152.78,7.78
21,Puebla,2023,1,2023T1,2023-03-31,155.42,7.31
21,Puebla,2023,2,2023T2,2023-06-30,158.15,6.52
21,Puebla,2023,3,2023T3,2023-09-30,161.52,6.39
21,Puebla,2023,4,2023T4,2023-12-31,165.2,8.13
21,Puebla,2024,1,2024T1,2024-03-31,171.78,10.53
21,Puebla,2024,2,2024T2,2024-06-30,177.66,12.34
21,Puebla,2024,3,2024T3,2024-09-30,182.06,12.72
21,Puebla,2024,4,2024T4,2024-12-31,184.74,11.83
21,Puebla,2025,1,2025T1,2025-03-31,188.64,9.81
21,Puebla,2025,2,2025T2,2025-06-30,193.06,8.67
21,Puebla,2025,3,2025T3,2025-09-30,197.19,8.31
21,Puebla,2025,4,2025T4,2025-12-31,201.58,9.12
21,Puebla,2026,1,2026T1,2026-03-31,205.79,9.09
21,Puebla,2026,2,2026T2,2026-06-30,209.08,8.3
22,Querétaro,2005,1,2005T1,2005-03-31,48.23,
22,Querétaro,2005,2,2005T2,2005-06-30,51.1,
22,Querétaro,2005,3,2005T3,2005-09-30,52.09,
22,Querétaro,2005,4,2005T4,2005-12-31,52.08,
22,Querétaro,2006,1,2006T1,2006-03-31,53.25,10.41
22,Querétaro,2006,2,2006T2,2006-06-30,54.56,6.77
22,Querétaro,2006,3,2006T3,2006-09-30,55.34,6.24
22,Querétaro,2006,4,2006T4,2006-12-31,55.62,6.8
22,Querétaro,2007,1,2007T1,2007-03-31,57.64,8.24
22,Querétaro,2007,2,2007T2,2007-06-30,59.6,9.24
22,Querétaro,2007,3,2007T3,2007-09-30,60.86,9.97
22,Querétaro,2007,4,2007T4,2007-12-31,60.84,9.39
22,Querétaro,2008,1,2008T1,2008-03-31,61.91,7.41
22,Querétaro,2008,2,2008T2,2008-06-30,63.33,6.26
22,Querétaro,2008,3,2008T3,2008-09-30,64.81,6.49
22,Querétaro,2008,4,2008T4,2008-12-31,65.26,7.26
22,Querétaro,2009,1,2009T1,2009-03-31,66.2,6.93
22,Querétaro,2009,2,2009T2,2009-06-30,67.02,5.83
22,Querétaro,2009,3,2009T3,2009-09-30,67.11,3.55
22,Querétaro,2009,4,2009T4,2009-12-31,67.13,2.87
22,Querétaro,2010,1,2010T1,2010-03-31,67.82,2.45
22,Querétaro,2010,2,2010T2,2010-06-30,68.51,2.22
22,Querétaro,2010,3,2010T3,2010-09-30,69.02,2.85
22,Querétaro,2010,4,2010T4,2010-12-31,69.59,3.66
22,Querétaro,2011,1,2011T1,2011-03-31,70.61,4.11
22,Querétaro,2011,2,2011T2,2011-06-30,71.34,4.13
22,Querétaro,2011,3,2011T3,2011-09-30,71.8,4.03
22,Querétaro,2011,4,2011T4,2011-12-31,72.03,3.51
22,Querétaro,2012,1,2012T1,2012-03-31,72.12,2.14
22,Querétaro,2012,2,2012T2,2012-06-30,72.23,1.25
22,Querétaro,2012,3,2012T3,2012-09-30,72.64,1.17
22,Querétaro,2012,4,2012T4,2012-12-31,73.09,1.47
22,Querétaro,2013,1,2013T1,2013-03-31,74.19,2.87
22,Querétaro,2013,2,2013T2,2013-06-30,75.5,4.53
22,Querétaro,2013,3,2013T3,2013-09-30,77.06,6.08
22,Querétaro,2013,4,2013T4,2013-12-31,78.19,6.98
22,Querétaro,2014,1,2014T1,2014-03-31,79.57,7.25
22,Querétaro,2014,2,2014T2,2014-06-30,80.48,6.6
22,Querétaro,2014,3,2014T3,2014-09-30,81.18,5.35
22,Querétaro,2014,4,2014T4,2014-12-31,82.12,5.03
22,Querétaro,2015,1,2015T1,2015-03-31,83.54,4.99
22,Querétaro,2015,2,2015T2,2015-06-30,86.54,7.53
22,Querétaro,2015,3,2015T3,2015-09-30,89.18,9.85
22,Querétaro,2015,4,2015T4,2015-12-31,90.42,10.11
22,Querétaro,2016,1,2016T1,2016-03-31,91.51,9.54
22,Querétaro,2016,2,2016T2,2016-06-30,93.17,7.66
22,Querétaro,2016,3,2016T3,2016-09-30,94.31,5.75
22,Querétaro,2016,4,2016T4,2016-12-31,95.09,5.16
22,Querétaro,2017,1,2017T1,2017-03-31,97.41,6.45
22,Querétaro,2017,2,2017T2,2017-06-30,99.16,6.43
22,Querétaro,2017,3,2017T3,2017-09-30,100.94,7.03
22,Querétaro,2017,4,2017T4,2017-12-31,102.49,7.78
22,Querétaro,2018,1,2018T1,2018-03-31,105.19,7.99
22,Querétaro,2018,2,2018T2,2018-06-30,107.44,8.35
22,Querétaro,2018,3,2018T3,2018-09-30,109.64,8.62
22,Querétaro,2018,4,2018T4,2018-12-31,111.33,8.63
22,Querétaro,2019,1,2019T1,2019-03-31,113.56,7.96
22,Querétaro,2019,2,2019T2,2019-06-30,115.76,7.74
22,Querétaro,2019,3,2019T3,2019-09-30,117.58,7.24
22,Querétaro,2019,4,2019T4,2019-12-31,119.56,7.39
22,Querétaro,2020,1,2020T1,2020-03-31,121.56,7.04
22,Querétaro,2020,2,2020T2,2020-06-30,122.89,6.16
22,Querétaro,2020,3,2020T3,2020-09-30,123.74,5.24
22,Querétaro,2020,4,2020T4,2020-12-31,125.34,4.83
22,Querétaro,2021,1,2021T1,2021-03-31,128.86,6.01
22,Querétaro,2021,2,2021T2,2021-06-30,131.95,7.37
22,Querétaro,2021,3,2021T3,2021-09-30,133.89,8.2
22,Querétaro,2021,4,2021T4,2021-12-31,135.53,8.13
22,Querétaro,2022,1,2022T1,2022-03-31,138.31,7.33
22,Querétaro,2022,2,2022T2,2022-06-30,141.97,7.59
22,Querétaro,2022,3,2022T3,2022-09-30,146.57,9.47
22,Querétaro,2022,4,2022T4,2022-12-31,149.87,10.58
22,Querétaro,2023,1,2023T1,2023-03-31,156.34,13.04
22,Querétaro,2023,2,2023T2,2023-06-30,162.38,14.38
22,Querétaro,2023,3,2023T3,2023-09-30,167.25,14.11
22,Querétaro,2023,4,2023T4,2023-12-31,170.88,14.02
22,Querétaro,2024,1,2024T1,2024-03-31,175.1,12.0
22,Querétaro,2024,2,2024T2,2024-06-30,177.82,9.51
22,Querétaro,2024,3,2024T3,2024-09-30,180.64,8.01
22,Querétaro,2024,4,2024T4,2024-12-31,183.51,7.39
22,Querétaro,2025,1,2025T1,2025-03-31,187.42,7.04
22,Querétaro,2025,2,2025T2,2025-06-30,192.08,8.02
22,Querétaro,2025,3,2025T3,2025-09-30,195.27,8.1
22,Querétaro,2025,4,2025T4,2025-12-31,196.93,7.31
22,Querétaro,2026,1,2026T1,2026-03-31,199.65,6.53
22,Querétaro,2026,2,2026T2,2026-06-30,201.43,4.87
23,Quintana Roo,2005,1,2005T1,2005-03-31,49.02,
23,Quintana Roo,2005,2,2005T2,2005-06-30,50.63,
23,Quintana Roo,2005,3,2005T3,2005-09-30,51.9,
23,Quintana Roo,2005,4,2005T4,2005-12-31,52.18,
23,Quintana Roo,2006,1,2006T1,2006-03-31,53.43,9.0
23,Quintana Roo,2006,2,2006T2,2006-06-30,55.09,8.81
23,Quintana Roo,2006,3,2006T3,2006-09-30,56.09,8.07
23,Quintana Roo,2006,4,2006T4,2006-12-31,55.85,7.03
23,Quintana Roo,2007,1,2007T1,2007-03-31,57.2,7.06
23,Quintana Roo,2007,2,2007T2,2007-06-30,59.32,7.68
23,Quintana Roo,2007,3,2007T3,2007-09-30,60.97,8.7
23,Quintana Roo,2007,4,2007T4,2007-12-31,61.86,10.76
23,Quintana Roo,2008,1,2008T1,2008-03-31,63.59,11.17
23,Quintana Roo,2008,2,2008T2,2008-06-30,65.99,11.24
23,Quintana Roo,2008,3,2008T3,2008-09-30,68.35,12.1
23,Quintana Roo,2008,4,2008T4,2008-12-31,69.34,12.09
23,Quintana Roo,2009,1,2009T1,2009-03-31,71.08,11.78
23,Quintana Roo,2009,2,2009T2,2009-06-30,71.81,8.82
23,Quintana Roo,2009,3,2009T3,2009-09-30,71.8,5.05
23,Quintana Roo,2009,4,2009T4,2009-12-31,71.9,3.69
23,Quintana Roo,2010,1,2010T1,2010-03-31,71.89,1.14
23,Quintana Roo,2010,2,2010T2,2010-06-30,72.51,0.97
23,Quintana Roo,2010,3,2010T3,2010-09-30,73.06,1.75
23,Quintana Roo,2010,4,2010T4,2010-12-31,73.9,2.78
23,Quintana Roo,2011,1,2011T1,2011-03-31,75.67,5.26
23,Quintana Roo,2011,2,2011T2,2011-06-30,76.7,5.78
23,Quintana Roo,2011,3,2011T3,2011-09-30,77.46,6.02
23,Quintana Roo,2011,4,2011T4,2011-12-31,77.75,5.21
23,Quintana Roo,2012,1,2012T1,2012-03-31,77.67,2.64
23,Quintana Roo,2012,2,2012T2,2012-06-30,77.83,1.47
23,Quintana Roo,2012,3,2012T3,2012-09-30,78.0,0.7
23,Quintana Roo,2012,4,2012T4,2012-12-31,78.46,0.91
23,Quintana Roo,2013,1,2013T1,2013-03-31,79.51,2.37
23,Quintana Roo,2013,2,2013T2,2013-06-30,80.54,3.48
23,Quintana Roo,2013,3,2013T3,2013-09-30,81.8,4.87
23,Quintana Roo,2013,4,2013T4,2013-12-31,81.84,4.31
23,Quintana Roo,2014,1,2014T1,2014-03-31,82.52,3.79
23,Quintana Roo,2014,2,2014T2,2014-06-30,82.28,2.16
23,Quintana Roo,2014,3,2014T3,2014-09-30,81.54,-0.32
23,Quintana Roo,2014,4,2014T4,2014-12-31,81.98,0.17
23,Quintana Roo,2015,1,2015T1,2015-03-31,82.58,0.07
23,Quintana Roo,2015,2,2015T2,2015-06-30,85.5,3.91
23,Quintana Roo,2015,3,2015T3,2015-09-30,87.99,7.91
23,Quintana Roo,2015,4,2015T4,2015-12-31,88.88,8.42
23,Quintana Roo,2016,1,2016T1,2016-03-31,90.4,9.47
23,Quintana Roo,2016,2,2016T2,2016-06-30,92.25,7.89
23,Quintana Roo,2016,3,2016T3,2016-09-30,94.03,6.86
23,Quintana Roo,2016,4,2016T4,2016-12-31,95.43,7.37
23,Quintana Roo,2017,1,2017T1,2017-03-31,97.92,8.32
23,Quintana Roo,2017,2,2017T2,2017-06-30,99.73,8.11
23,Quintana Roo,2017,3,2017T3,2017-09-30,100.8,7.2
23,Quintana Roo,2017,4,2017T4,2017-12-31,101.55,6.41
23,Quintana Roo,2018,1,2018T1,2018-03-31,104.26,6.47
23,Quintana Roo,2018,2,2018T2,2018-06-30,106.33,6.62
23,Quintana Roo,2018,3,2018T3,2018-09-30,109.22,8.35
23,Quintana Roo,2018,4,2018T4,2018-12-31,112.59,10.87
23,Quintana Roo,2019,1,2019T1,2019-03-31,115.72,10.99
23,Quintana Roo,2019,2,2019T2,2019-06-30,118.86,11.78
23,Quintana Roo,2019,3,2019T3,2019-09-30,121.35,11.11
23,Quintana Roo,2019,4,2019T4,2019-12-31,122.83,9.09
23,Quintana Roo,2020,1,2020T1,2020-03-31,125.17,8.17
23,Quintana Roo,2020,2,2020T2,2020-06-30,126.92,6.78
23,Quintana Roo,2020,3,2020T3,2020-09-30,129.15,6.43
23,Quintana Roo,2020,4,2020T4,2020-12-31,133.17,8.42
23,Quintana Roo,2021,1,2021T1,2021-03-31,138.14,10.36
23,Quintana Roo,2021,2,2021T2,2021-06-30,142.69,12.43
23,Quintana Roo,2021,3,2021T3,2021-09-30,146.72,13.6
23,Quintana Roo,2021,4,2021T4,2021-12-31,149.92,12.58
23,Quintana Roo,2022,1,2022T1,2022-03-31,155.07,12.26
23,Quintana Roo,2022,2,2022T2,2022-06-30,161.76,13.36
23,Quintana Roo,2022,3,2022T3,2022-09-30,169.2,15.32
23,Quintana Roo,2022,4,2022T4,2022-12-31,174.72,16.54
23,Quintana Roo,2023,1,2023T1,2023-03-31,181.15,16.82
23,Quintana Roo,2023,2,2023T2,2023-06-30,187.93,16.18
23,Quintana Roo,2023,3,2023T3,2023-09-30,193.37,14.28
23,Quintana Roo,2023,4,2023T4,2023-12-31,199.34,14.09
23,Quintana Roo,2024,1,2024T1,2024-03-31,205.33,13.35
23,Quintana Roo,2024,2,2024T2,2024-06-30,210.03,11.76
23,Quintana Roo,2024,3,2024T3,2024-09-30,216.37,11.89
23,Quintana Roo,2024,4,2024T4,2024-12-31,222.35,11.54
23,Quintana Roo,2025,1,2025T1,2025-03-31,230.63,12.32
23,Quintana Roo,2025,2,2025T2,2025-06-30,241.31,14.89
23,Quintana Roo,2025,3,2025T3,2025-09-30,249.6,15.36
23,Quintana Roo,2025,4,2025T4,2025-12-31,255.86,15.07
23,Quintana Roo,2026,1,2026T1,2026-03-31,261.22,13.26
23,Quintana Roo,2026,2,2026T2,2026-06-30,264.96,9.8
24,San Luis Potosí,2005,1,2005T1,2005-03-31,51.06,
24,San Luis Potosí,2005,2,2005T2,2005-06-30,53.13,
24,San Luis Potosí,2005,3,2005T3,2005-09-30,53.92,
24,San Luis Potosí,2005,4,2005T4,2005-12-31,53.92,
24,San Luis Potosí,2006,1,2006T1,2006-03-31,54.6,6.93
24,San Luis Potosí,2006,2,2006T2,2006-06-30,56.03,5.46
24,San Luis Potosí,2006,3,2006T3,2006-09-30,56.95,5.62
24,San Luis Potosí,2006,4,2006T4,2006-12-31,57.53,6.7
24,San Luis Potosí,2007,1,2007T1,2007-03-31,58.81,7.71
24,San Luis Potosí,2007,2,2007T2,2007-06-30,60.45,7.89
24,San Luis Potosí,2007,3,2007T3,2007-09-30,61.63,8.22
24,San Luis Potosí,2007,4,2007T4,2007-12-31,61.48,6.87
24,San Luis Potosí,2008,1,2008T1,2008-03-31,61.5,4.57
24,San Luis Potosí,2008,2,2008T2,2008-06-30,63.53,5.1
24,San Luis Potosí,2008,3,2008T3,2008-09-30,65.41,6.13
24,San Luis Potosí,2008,4,2008T4,2008-12-31,66.32,7.87
24,San Luis Potosí,2009,1,2009T1,2009-03-31,67.17,9.22
24,San Luis Potosí,2009,2,2009T2,2009-06-30,67.57,6.36
24,San Luis Potosí,2009,3,2009T3,2009-09-30,67.34,2.95
24,San Luis Potosí,2009,4,2009T4,2009-12-31,66.83,0.77
24,San Luis Potosí,2010,1,2010T1,2010-03-31,67.31,0.21
24,San Luis Potosí,2010,2,2010T2,2010-06-30,68.15,0.86
24,San Luis Potosí,2010,3,2010T3,2010-09-30,69.08,2.58
24,San Luis Potosí,2010,4,2010T4,2010-12-31,69.9,4.59
24,San Luis Potosí,2011,1,2011T1,2011-03-31,71.21,5.79
24,San Luis Potosí,2011,2,2011T2,2011-06-30,72.5,6.38
24,San Luis Potosí,2011,3,2011T3,2011-09-30,73.48,6.37
24,San Luis Potosí,2011,4,2011T4,2011-12-31,74.4,6.44
24,San Luis Potosí,2012,1,2012T1,2012-03-31,74.83,5.08
24,San Luis Potosí,2012,2,2012T2,2012-06-30,75.14,3.64
24,San Luis Potosí,2012,3,2012T3,2012-09-30,75.91,3.31
24,San Luis Potosí,2012,4,2012T4,2012-12-31,76.42,2.72
24,San Luis Potosí,2013,1,2013T1,2013-03-31,77.64,3.76
24,San Luis Potosí,2013,2,2013T2,2013-06-30,78.96,5.08
24,San Luis Potosí,2013,3,2013T3,2013-09-30,79.87,5.22
24,San Luis Potosí,2013,4,2013T4,2013-12-31,80.37,5.17
24,San Luis Potosí,2014,1,2014T1,2014-03-31,80.99,4.31
24,San Luis Potosí,2014,2,2014T2,2014-06-30,80.98,2.56
24,San Luis Potosí,2014,3,2014T3,2014-09-30,81.24,1.72
24,San Luis Potosí,2014,4,2014T4,2014-12-31,82.05,2.09
24,San Luis Potosí,2015,1,2015T1,2015-03-31,83.48,3.07
24,San Luis Potosí,2015,2,2015T2,2015-06-30,86.31,6.58
24,San Luis Potosí,2015,3,2015T3,2015-09-30,88.76,9.26
24,San Luis Potosí,2015,4,2015T4,2015-12-31,89.59,9.19
24,San Luis Potosí,2016,1,2016T1,2016-03-31,90.58,8.51
24,San Luis Potosí,2016,2,2016T2,2016-06-30,92.34,6.99
24,San Luis Potosí,2016,3,2016T3,2016-09-30,93.74,5.61
24,San Luis Potosí,2016,4,2016T4,2016-12-31,94.78,5.79
24,San Luis Potosí,2017,1,2017T1,2017-03-31,97.21,7.32
24,San Luis Potosí,2017,2,2017T2,2017-06-30,99.07,7.29
24,San Luis Potosí,2017,3,2017T3,2017-09-30,100.93,7.67
24,San Luis Potosí,2017,4,2017T4,2017-12-31,102.8,8.46
24,San Luis Potosí,2018,1,2018T1,2018-03-31,105.53,8.56
24,San Luis Potosí,2018,2,2018T2,2018-06-30,108.02,9.03
24,San Luis Potosí,2018,3,2018T3,2018-09-30,110.53,9.51
24,San Luis Potosí,2018,4,2018T4,2018-12-31,112.86,9.79
24,San Luis Potosí,2019,1,2019T1,2019-03-31,115.55,9.49
24,San Luis Potosí,2019,2,2019T2,2019-06-30,117.81,9.06
24,San Luis Potosí,2019,3,2019T3,2019-09-30,119.57,8.18
24,San Luis Potosí,2019,4,2019T4,2019-12-31,121.33,7.5
24,San Luis Potosí,2020,1,2020T1,2020-03-31,123.58,6.95
24,San Luis Potosí,2020,2,2020T2,2020-06-30,126.0,6.95
24,San Luis Potosí,2020,3,2020T3,2020-09-30,128.4,7.38
24,San Luis Potosí,2020,4,2020T4,2020-12-31,130.95,7.93
24,San Luis Potosí,2021,1,2021T1,2021-03-31,134.74,9.03
24,San Luis Potosí,2021,2,2021T2,2021-06-30,137.8,9.37
24,San Luis Potosí,2021,3,2021T3,2021-09-30,139.93,8.98
24,San Luis Potosí,2021,4,2021T4,2021-12-31,141.92,8.38
24,San Luis Potosí,2022,1,2022T1,2022-03-31,145.19,7.76
24,San Luis Potosí,2022,2,2022T2,2022-06-30,148.75,7.95
24,San Luis Potosí,2022,3,2022T3,2022-09-30,152.04,8.65
24,San Luis Potosí,2022,4,2022T4,2022-12-31,152.94,7.76
24,San Luis Potosí,2023,1,2023T1,2023-03-31,155.97,7.42
24,San Luis Potosí,2023,2,2023T2,2023-06-30,159.64,7.32
24,San Luis Potosí,2023,3,2023T3,2023-09-30,163.42,7.48
24,San Luis Potosí,2023,4,2023T4,2023-12-31,167.11,9.27
24,San Luis Potosí,2024,1,2024T1,2024-03-31,172.08,10.33
24,San Luis Potosí,2024,2,2024T2,2024-06-30,176.29,10.43
24,San Luis Potosí,2024,3,2024T3,2024-09-30,180.19,10.26
24,San Luis Potosí,2024,4,2024T4,2024-12-31,183.42,9.76
24,San Luis Potosí,2025,1,2025T1,2025-03-31,187.77,9.12
24,San Luis Potosí,2025,2,2025T2,2025-06-30,192.08,8.96
24,San Luis Potosí,2025,3,2025T3,2025-09-30,195.51,8.5
24,San Luis Potosí,2025,4,2025T4,2025-12-31,197.75,7.81
24,San Luis Potosí,2026,1,2026T1,2026-03-31,201.47,7.3
24,San Luis Potosí,2026,2,2026T2,2026-06-30,205.04,6.75
25,Sinaloa,2005,1,2005T1,2005-03-31,51.56,
25,Sinaloa,2005,2,2005T2,2005-06-30,53.65,
25,Sinaloa,2005,3,2005T3,2005-09-30,54.29,
25,Sinaloa,2005,4,2005T4,2005-12-31,54.3,
25,Sinaloa,2006,1,2006T1,2006-03-31,55.35,7.35
25,Sinaloa,2006,2,2006T2,2006-06-30,56.66,5.61
25,Sinaloa,2006,3,2006T3,2006-09-30,57.47,5.86
25,Sinaloa,2006,4,2006T4,2006-12-31,57.81,6.46
25,Sinaloa,2007,1,2007T1,2007-03-31,59.56,7.61
25,Sinaloa,2007,2,2007T2,2007-06-30,61.17,7.96
25,Sinaloa,2007,3,2007T3,2007-09-30,62.29,8.39
25,Sinaloa,2007,4,2007T4,2007-12-31,62.25,7.68
25,Sinaloa,2008,1,2008T1,2008-03-31,63.1,5.94
25,Sinaloa,2008,2,2008T2,2008-06-30,65.01,6.28
25,Sinaloa,2008,3,2008T3,2008-09-30,66.8,7.24
25,Sinaloa,2008,4,2008T4,2008-12-31,67.39,8.26
25,Sinaloa,2009,1,2009T1,2009-03-31,68.34,8.3
25,Sinaloa,2009,2,2009T2,2009-06-30,69.15,6.37
25,Sinaloa,2009,3,2009T3,2009-09-30,69.29,3.73
25,Sinaloa,2009,4,2009T4,2009-12-31,69.18,2.66
25,Sinaloa,2010,1,2010T1,2010-03-31,69.53,1.74
25,Sinaloa,2010,2,2010T2,2010-06-30,70.1,1.37
25,Sinaloa,2010,3,2010T3,2010-09-30,70.82,2.21
25,Sinaloa,2010,4,2010T4,2010-12-31,71.58,3.47
25,Sinaloa,2011,1,2011T1,2011-03-31,72.83,4.75
25,Sinaloa,2011,2,2011T2,2011-06-30,73.96,5.51
25,Sinaloa,2011,3,2011T3,2011-09-30,74.84,5.68
25,Sinaloa,2011,4,2011T4,2011-12-31,75.56,5.56
25,Sinaloa,2012,1,2012T1,2012-03-31,76.12,4.52
25,Sinaloa,2012,2,2012T2,2012-06-30,76.59,3.56
25,Sinaloa,2012,3,2012T3,2012-09-30,77.42,3.45
25,Sinaloa,2012,4,2012T4,2012-12-31,78.06,3.31
25,Sinaloa,2013,1,2013T1,2013-03-31,79.16,3.99
25,Sinaloa,2013,2,2013T2,2013-06-30,80.38,4.95
25,Sinaloa,2013,3,2013T3,2013-09-30,81.22,4.91
25,Sinaloa,2013,4,2013T4,2013-12-31,81.58,4.51
25,Sinaloa,2014,1,2014T1,2014-03-31,82.23,3.88
25,Sinaloa,2014,2,2014T2,2014-06-30,82.18,2.24
25,Sinaloa,2014,3,2014T3,2014-09-30,82.29,1.32
25,Sinaloa,2014,4,2014T4,2014-12-31,83.09,1.85
25,Sinaloa,2015,1,2015T1,2015-03-31,84.36,2.59
25,Sinaloa,2015,2,2015T2,2015-06-30,87.04,5.91
25,Sinaloa,2015,3,2015T3,2015-09-30,89.29,8.51
25,Sinaloa,2015,4,2015T4,2015-12-31,89.91,8.21
25,Sinaloa,2016,1,2016T1,2016-03-31,90.78,7.61
25,Sinaloa,2016,2,2016T2,2016-06-30,92.42,6.18
25,Sinaloa,2016,3,2016T3,2016-09-30,93.85,5.11
25,Sinaloa,2016,4,2016T4,2016-12-31,94.79,5.43
25,Sinaloa,2017,1,2017T1,2017-03-31,97.26,7.14
25,Sinaloa,2017,2,2017T2,2017-06-30,99.15,7.28
25,Sinaloa,2017,3,2017T3,2017-09-30,100.89,7.5
25,Sinaloa,2017,4,2017T4,2017-12-31,102.7,8.34
25,Sinaloa,2018,1,2018T1,2018-03-31,105.39,8.36
25,Sinaloa,2018,2,2018T2,2018-06-30,107.65,8.57
25,Sinaloa,2018,3,2018T3,2018-09-30,110.04,9.07
25,Sinaloa,2018,4,2018T4,2018-12-31,112.34,9.39
25,Sinaloa,2019,1,2019T1,2019-03-31,115.33,9.43
25,Sinaloa,2019,2,2019T2,2019-06-30,118.26,9.86
25,Sinaloa,2019,3,2019T3,2019-09-30,120.55,9.55
25,Sinaloa,2019,4,2019T4,2019-12-31,122.68,9.2
25,Sinaloa,2020,1,2020T1,2020-03-31,124.97,8.36
25,Sinaloa,2020,2,2020T2,2020-06-30,127.07,7.45
25,Sinaloa,2020,3,2020T3,2020-09-30,129.46,7.39
25,Sinaloa,2020,4,2020T4,2020-12-31,132.42,7.94
25,Sinaloa,2021,1,2021T1,2021-03-31,136.66,9.35
25,Sinaloa,2021,2,2021T2,2021-06-30,140.28,10.4
25,Sinaloa,2021,3,2021T3,2021-09-30,143.17,10.59
25,Sinaloa,2021,4,2021T4,2021-12-31,145.92,10.19
25,Sinaloa,2022,1,2022T1,2022-03-31,150.59,10.19
25,Sinaloa,2022,2,2022T2,2022-06-30,156.56,11.61
25,Sinaloa,2022,3,2022T3,2022-09-30,163.45,14.16
25,Sinaloa,2022,4,2022T4,2022-12-31,169.39,16.08
25,Sinaloa,2023,1,2023T1,2023-03-31,174.98,16.2
25,Sinaloa,2023,2,2023T2,2023-06-30,179.9,14.91
25,Sinaloa,2023,3,2023T3,2023-09-30,184.31,12.76
25,Sinaloa,2023,4,2023T4,2023-12-31,188.44,11.25
25,Sinaloa,2024,1,2024T1,2024-03-31,192.21,9.85
25,Sinaloa,2024,2,2024T2,2024-06-30,194.0,7.84
25,Sinaloa,2024,3,2024T3,2024-09-30,195.88,6.28
25,Sinaloa,2024,4,2024T4,2024-12-31,196.86,4.47
25,Sinaloa,2025,1,2025T1,2025-03-31,201.36,4.76
25,Sinaloa,2025,2,2025T2,2025-06-30,208.32,7.38
25,Sinaloa,2025,3,2025T3,2025-09-30,213.87,9.18
25,Sinaloa,2025,4,2025T4,2025-12-31,218.1,10.79
25,Sinaloa,2026,1,2026T1,2026-03-31,222.52,10.51
25,Sinaloa,2026,2,2026T2,2026-06-30,225.89,8.43
26,Sonora,2005,1,2005T1,2005-03-31,53.01,
26,Sonora,2005,2,2005T2,2005-06-30,54.09,
26,Sonora,2005,3,2005T3,2005-09-30,54.81,
26,Sonora,2005,4,2005T4,2005-12-31,54.63,
26,Sonora,2006,1,2006T1,2006-03-31,55.54,4.77
26,Sonora,2006,2,2006T2,2006-06-30,56.75,4.92
26,Sonora,2006,3,2006T3,2006-09-30,57.69,5.25
26,Sonora,2006,4,2006T4,2006-12-31,57.89,5.97
26,Sonora,2007,1,2007T1,2007-03-31,59.34,6.84
26,Sonora,2007,2,2007T2,2007-06-30,61.06,7.59
26,Sonora,2007,3,2007T3,2007-09-30,61.93,7.35
26,Sonora,2007,4,2007T4,2007-12-31,61.82,6.79
26,Sonora,2008,1,2008T1,2008-03-31,62.6,5.49
26,Sonora,2008,2,2008T2,2008-06-30,64.03,4.86
26,Sonora,2008,3,2008T3,2008-09-30,65.42,5.64
26,Sonora,2008,4,2008T4,2008-12-31,65.64,6.18
26,Sonora,2009,1,2009T1,2009-03-31,66.32,5.94
26,Sonora,2009,2,2009T2,2009-06-30,67.16,4.89
26,Sonora,2009,3,2009T3,2009-09-30,67.29,2.86
26,Sonora,2009,4,2009T4,2009-12-31,67.26,2.47
26,Sonora,2010,1,2010T1,2010-03-31,67.2,1.33
26,Sonora,2010,2,2010T2,2010-06-30,67.63,0.7
26,Sonora,2010,3,2010T3,2010-09-30,68.42,1.68
26,Sonora,2010,4,2010T4,2010-12-31,69.12,2.77
26,Sonora,2011,1,2011T1,2011-03-31,70.88,5.48
26,Sonora,2011,2,2011T2,2011-06-30,72.34,6.96
26,Sonora,2011,3,2011T3,2011-09-30,73.18,6.96
26,Sonora,2011,4,2011T4,2011-12-31,73.9,6.92
26,Sonora,2012,1,2012T1,2012-03-31,74.4,4.97
26,Sonora,2012,2,2012T2,2012-06-30,75.06,3.76
26,Sonora,2012,3,2012T3,2012-09-30,75.82,3.61
26,Sonora,2012,4,2012T4,2012-12-31,76.34,3.3
26,Sonora,2013,1,2013T1,2013-03-31,77.34,3.95
26,Sonora,2013,2,2013T2,2013-06-30,78.71,4.86
26,Sonora,2013,3,2013T3,2013-09-30,79.73,5.16
26,Sonora,2013,4,2013T4,2013-12-31,80.32,5.21
26,Sonora,2014,1,2014T1,2014-03-31,81.37,5.21
26,Sonora,2014,2,2014T2,2014-06-30,81.67,3.76
26,Sonora,2014,3,2014T3,2014-09-30,82.3,3.22
26,Sonora,2014,4,2014T4,2014-12-31,83.6,4.08
26,Sonora,2015,1,2015T1,2015-03-31,85.17,4.67
26,Sonora,2015,2,2015T2,2015-06-30,88.26,8.07
26,Sonora,2015,3,2015T3,2015-09-30,90.79,10.32
26,Sonora,2015,4,2015T4,2015-12-31,91.49,9.44
26,Sonora,2016,1,2016T1,2016-03-31,92.36,8.44
26,Sonora,2016,2,2016T2,2016-06-30,93.88,6.37
26,Sonora,2016,3,2016T3,2016-09-30,95.08,4.73
26,Sonora,2016,4,2016T4,2016-12-31,96.0,4.93
26,Sonora,2017,1,2017T1,2017-03-31,98.11,6.23
26,Sonora,2017,2,2017T2,2017-06-30,99.49,5.98
26,Sonora,2017,3,2017T3,2017-09-30,100.69,5.9
26,Sonora,2017,4,2017T4,2017-12-31,101.72,5.96
26,Sonora,2018,1,2018T1,2018-03-31,103.88,5.88
26,Sonora,2018,2,2018T2,2018-06-30,105.51,6.05
26,Sonora,2018,3,2018T3,2018-09-30,107.37,6.63
26,Sonora,2018,4,2018T4,2018-12-31,109.09,7.25
26,Sonora,2019,1,2019T1,2019-03-31,111.33,7.17
26,Sonora,2019,2,2019T2,2019-06-30,113.72,7.78
26,Sonora,2019,3,2019T3,2019-09-30,115.65,7.71
26,Sonora,2019,4,2019T4,2019-12-31,117.41,7.63
26,Sonora,2020,1,2020T1,2020-03-31,119.73,7.55
26,Sonora,2020,2,2020T2,2020-06-30,121.8,7.11
26,Sonora,2020,3,2020T3,2020-09-30,123.72,6.98
26,Sonora,2020,4,2020T4,2020-12-31,126.21,7.5
26,Sonora,2021,1,2021T1,2021-03-31,129.78,8.39
26,Sonora,2021,2,2021T2,2021-06-30,132.49,8.78
26,Sonora,2021,3,2021T3,2021-09-30,134.29,8.54
26,Sonora,2021,4,2021T4,2021-12-31,135.52,7.38
26,Sonora,2022,1,2022T1,2022-03-31,137.79,6.17
26,Sonora,2022,2,2022T2,2022-06-30,141.18,6.56
26,Sonora,2022,3,2022T3,2022-09-30,144.98,7.96
26,Sonora,2022,4,2022T4,2022-12-31,147.74,9.02
26,Sonora,2023,1,2023T1,2023-03-31,153.07,11.09
26,Sonora,2023,2,2023T2,2023-06-30,158.38,12.18
26,Sonora,2023,3,2023T3,2023-09-30,162.9,12.36
26,Sonora,2023,4,2023T4,2023-12-31,167.09,13.1
26,Sonora,2024,1,2024T1,2024-03-31,172.14,12.46
26,Sonora,2024,2,2024T2,2024-06-30,175.62,10.89
26,Sonora,2024,3,2024T3,2024-09-30,179.48,10.18
26,Sonora,2024,4,2024T4,2024-12-31,183.34,9.73
26,Sonora,2025,1,2025T1,2025-03-31,188.03,9.23
26,Sonora,2025,2,2025T2,2025-06-30,193.55,10.21
26,Sonora,2025,3,2025T3,2025-09-30,197.81,10.21
26,Sonora,2025,4,2025T4,2025-12-31,200.57,9.4
26,Sonora,2026,1,2026T1,2026-03-31,206.1,9.61
26,Sonora,2026,2,2026T2,2026-06-30,211.35,9.2
27,Tabasco,2005,1,2005T1,2005-03-31,49.94,
27,Tabasco,2005,2,2005T2,2005-06-30,51.34,
27,Tabasco,2005,3,2005T3,2005-09-30,52.05,
27,Tabasco,2005,4,2005T4,2005-12-31,51.83,
27,Tabasco,2006,1,2006T1,2006-03-31,53.3,6.73
27,Tabasco,2006,2,2006T2,2006-06-30,55.05,7.23
27,Tabasco,2006,3,2006T3,2006-09-30,56.33,8.22
27,Tabasco,2006,4,2006T4,2006-12-31,57.13,10.23
27,Tabasco,2007,1,2007T1,2007-03-31,58.71,10.15
27,Tabasco,2007,2,2007T2,2007-06-30,60.0,8.99
27,Tabasco,2007,3,2007T3,2007-09-30,60.76,7.86
27,Tabasco,2007,4,2007T4,2007-12-31,60.05,5.11
27,Tabasco,2008,1,2008T1,2008-03-31,60.15,2.45
27,Tabasco,2008,2,2008T2,2008-06-30,61.21,2.02
27,Tabasco,2008,3,2008T3,2008-09-30,62.06,2.14
27,Tabasco,2008,4,2008T4,2008-12-31,62.62,4.28
27,Tabasco,2009,1,2009T1,2009-03-31,63.71,5.92
27,Tabasco,2009,2,2009T2,2009-06-30,64.7,5.7
27,Tabasco,2009,3,2009T3,2009-09-30,64.89,4.56
27,Tabasco,2009,4,2009T4,2009-12-31,64.35,2.76
27,Tabasco,2010,1,2010T1,2010-03-31,64.59,1.38
27,Tabasco,2010,2,2010T2,2010-06-30,65.11,0.63
27,Tabasco,2010,3,2010T3,2010-09-30,66.15,1.94
27,Tabasco,2010,4,2010T4,2010-12-31,67.46,4.83
27,Tabasco,2011,1,2011T1,2011-03-31,68.82,6.55
27,Tabasco,2011,2,2011T2,2011-06-30,69.8,7.2
27,Tabasco,2011,3,2011T3,2011-09-30,70.33,6.32
27,Tabasco,2011,4,2011T4,2011-12-31,70.88,5.07
27,Tabasco,2012,1,2012T1,2012-03-31,71.27,3.56
27,Tabasco,2012,2,2012T2,2012-06-30,71.71,2.74
27,Tabasco,2012,3,2012T3,2012-09-30,72.48,3.06
27,Tabasco,2012,4,2012T4,2012-12-31,73.32,3.44
27,Tabasco,2013,1,2013T1,2013-03-31,74.72,4.84
27,Tabasco,2013,2,2013T2,2013-06-30,76.3,6.4
27,Tabasco,2013,3,2013T3,2013-09-30,77.56,7.01
27,Tabasco,2013,4,2013T4,2013-12-31,78.42,6.96
27,Tabasco,2014,1,2014T1,2014-03-31,79.67,6.62
27,Tabasco,2014,2,2014T2,2014-06-30,80.57,5.6
27,Tabasco,2014,3,2014T3,2014-09-30,81.8,5.47
27,Tabasco,2014,4,2014T4,2014-12-31,82.99,5.83
27,Tabasco,2015,1,2015T1,2015-03-31,84.63,6.23
27,Tabasco,2015,2,2015T2,2015-06-30,87.47,8.56
27,Tabasco,2015,3,2015T3,2015-09-30,90.08,10.12
27,Tabasco,2015,4,2015T4,2015-12-31,91.21,9.9
27,Tabasco,2016,1,2016T1,2016-03-31,92.23,8.98
27,Tabasco,2016,2,2016T2,2016-06-30,93.93,7.39
27,Tabasco,2016,3,2016T3,2016-09-30,94.88,5.33
27,Tabasco,2016,4,2016T4,2016-12-31,95.34,4.53
27,Tabasco,2017,1,2017T1,2017-03-31,97.41,5.62
27,Tabasco,2017,2,2017T2,2017-06-30,99.05,5.45
27,Tabasco,2017,3,2017T3,2017-09-30,100.81,6.25
27,Tabasco,2017,4,2017T4,2017-12-31,102.74,7.76
27,Tabasco,2018,1,2018T1,2018-03-31,105.38,8.18
27,Tabasco,2018,2,2018T2,2018-06-30,107.68,8.71
27,Tabasco,2018,3,2018T3,2018-09-30,109.54,8.66
27,Tabasco,2018,4,2018T4,2018-12-31,111.14,8.18
27,Tabasco,2019,1,2019T1,2019-03-31,113.06,7.29
27,Tabasco,2019,2,2019T2,2019-06-30,114.71,6.53
27,Tabasco,2019,3,2019T3,2019-09-30,116.37,6.24
27,Tabasco,2019,4,2019T4,2019-12-31,118.25,6.4
27,Tabasco,2020,1,2020T1,2020-03-31,120.05,6.18
27,Tabasco,2020,2,2020T2,2020-06-30,121.56,5.97
27,Tabasco,2020,3,2020T3,2020-09-30,122.95,5.65
27,Tabasco,2020,4,2020T4,2020-12-31,124.58,5.35
27,Tabasco,2021,1,2021T1,2021-03-31,127.54,6.24
27,Tabasco,2021,2,2021T2,2021-06-30,129.96,6.91
27,Tabasco,2021,3,2021T3,2021-09-30,131.25,6.75
27,Tabasco,2021,4,2021T4,2021-12-31,132.29,6.19
27,Tabasco,2022,1,2022T1,2022-03-31,134.5,5.46
27,Tabasco,2022,2,2022T2,2022-06-30,137.82,6.05
27,Tabasco,2022,3,2022T3,2022-09-30,141.53,7.83
27,Tabasco,2022,4,2022T4,2022-12-31,144.31,9.09
27,Tabasco,2023,1,2023T1,2023-03-31,148.84,10.66
27,Tabasco,2023,2,2023T2,2023-06-30,152.38,10.56
27,Tabasco,2023,3,2023T3,2023-09-30,156.31,10.44
27,Tabasco,2023,4,2023T4,2023-12-31,159.86,10.78
27,Tabasco,2024,1,2024T1,2024-03-31,164.65,10.62
27,Tabasco,2024,2,2024T2,2024-06-30,168.63,10.66
27,Tabasco,2024,3,2024T3,2024-09-30,171.56,9.76
27,Tabasco,2024,4,2024T4,2024-12-31,173.67,8.64
27,Tabasco,2025,1,2025T1,2025-03-31,176.18,7.0
27,Tabasco,2025,2,2025T2,2025-06-30,178.01,5.56
27,Tabasco,2025,3,2025T3,2025-09-30,179.63,4.7
27,Tabasco,2025,4,2025T4,2025-12-31,181.27,4.38
27,Tabasco,2026,1,2026T1,2026-03-31,186.08,5.62
27,Tabasco,2026,2,2026T2,2026-06-30,191.39,7.52
28,Tamaulipas,2005,1,2005T1,2005-03-31,51.5,
28,Tamaulipas,2005,2,2005T2,2005-06-30,52.4,
28,Tamaulipas,2005,3,2005T3,2005-09-30,53.05,
28,Tamaulipas,2005,4,2005T4,2005-12-31,52.91,
28,Tamaulipas,2006,1,2006T1,2006-03-31,53.95,4.76
28,Tamaulipas,2006,2,2006T2,2006-06-30,55.09,5.13
28,Tamaulipas,2006,3,2006T3,2006-09-30,55.76,5.11
28,Tamaulipas,2006,4,2006T4,2006-12-31,55.77,5.41
28,Tamaulipas,2007,1,2007T1,2007-03-31,56.84,5.36
28,Tamaulipas,2007,2,2007T2,2007-06-30,58.07,5.41
28,Tamaulipas,2007,3,2007T3,2007-09-30,58.61,5.11
28,Tamaulipas,2007,4,2007T4,2007-12-31,58.1,4.18
28,Tamaulipas,2008,1,2008T1,2008-03-31,58.7,3.27
28,Tamaulipas,2008,2,2008T2,2008-06-30,59.92,3.19
28,Tamaulipas,2008,3,2008T3,2008-09-30,60.97,4.03
28,Tamaulipas,2008,4,2008T4,2008-12-31,61.28,5.47
28,Tamaulipas,2009,1,2009T1,2009-03-31,62.1,5.79
28,Tamaulipas,2009,2,2009T2,2009-06-30,63.15,5.39
28,Tamaulipas,2009,3,2009T3,2009-09-30,63.85,4.72
28,Tamaulipas,2009,4,2009T4,2009-12-31,64.34,4.99
28,Tamaulipas,2010,1,2010T1,2010-03-31,65.06,4.77
28,Tamaulipas,2010,2,2010T2,2010-06-30,66.22,4.86
28,Tamaulipas,2010,3,2010T3,2010-09-30,67.69,6.01
28,Tamaulipas,2010,4,2010T4,2010-12-31,69.0,7.24
28,Tamaulipas,2011,1,2011T1,2011-03-31,70.83,8.87
28,Tamaulipas,2011,2,2011T2,2011-06-30,72.04,8.79
28,Tamaulipas,2011,3,2011T3,2011-09-30,72.76,7.49
28,Tamaulipas,2011,4,2011T4,2011-12-31,73.42,6.41
28,Tamaulipas,2012,1,2012T1,2012-03-31,73.64,3.97
28,Tamaulipas,2012,2,2012T2,2012-06-30,73.92,2.61
28,Tamaulipas,2012,3,2012T3,2012-09-30,73.99,1.69
28,Tamaulipas,2012,4,2012T4,2012-12-31,73.32,-0.14
28,Tamaulipas,2013,1,2013T1,2013-03-31,73.82,0.24
28,Tamaulipas,2013,2,2013T2,2013-06-30,75.23,1.77
28,Tamaulipas,2013,3,2013T3,2013-09-30,76.09,2.84
28,Tamaulipas,2013,4,2013T4,2013-12-31,76.86,4.83
28,Tamaulipas,2014,1,2014T1,2014-03-31,78.16,5.88
28,Tamaulipas,2014,2,2014T2,2014-06-30,78.7,4.61
28,Tamaulipas,2014,3,2014T3,2014-09-30,79.83,4.92
28,Tamaulipas,2014,4,2014T4,2014-12-31,81.38,5.88
28,Tamaulipas,2015,1,2015T1,2015-03-31,84.2,7.73
28,Tamaulipas,2015,2,2015T2,2015-06-30,88.0,11.82
28,Tamaulipas,2015,3,2015T3,2015-09-30,90.95,13.93
28,Tamaulipas,2015,4,2015T4,2015-12-31,91.86,12.88
28,Tamaulipas,2016,1,2016T1,2016-03-31,92.72,10.12
28,Tamaulipas,2016,2,2016T2,2016-06-30,94.22,7.07
28,Tamaulipas,2016,3,2016T3,2016-09-30,95.36,4.85
28,Tamaulipas,2016,4,2016T4,2016-12-31,96.13,4.65
28,Tamaulipas,2017,1,2017T1,2017-03-31,98.21,5.92
28,Tamaulipas,2017,2,2017T2,2017-06-30,99.52,5.63
28,Tamaulipas,2017,3,2017T3,2017-09-30,100.66,5.56
28,Tamaulipas,2017,4,2017T4,2017-12-31,101.61,5.7
28,Tamaulipas,2018,1,2018T1,2018-03-31,103.73,5.62
28,Tamaulipas,2018,2,2018T2,2018-06-30,105.36,5.87
28,Tamaulipas,2018,3,2018T3,2018-09-30,107.26,6.56
28,Tamaulipas,2018,4,2018T4,2018-12-31,109.22,7.49
28,Tamaulipas,2019,1,2019T1,2019-03-31,111.42,7.41
28,Tamaulipas,2019,2,2019T2,2019-06-30,113.63,7.85
28,Tamaulipas,2019,3,2019T3,2019-09-30,115.36,7.55
28,Tamaulipas,2019,4,2019T4,2019-12-31,116.72,6.87
28,Tamaulipas,2020,1,2020T1,2020-03-31,118.6,6.44
28,Tamaulipas,2020,2,2020T2,2020-06-30,120.18,5.76
28,Tamaulipas,2020,3,2020T3,2020-09-30,121.86,5.63
28,Tamaulipas,2020,4,2020T4,2020-12-31,124.29,6.49
28,Tamaulipas,2021,1,2021T1,2021-03-31,128.07,7.98
28,Tamaulipas,2021,2,2021T2,2021-06-30,130.92,8.94
28,Tamaulipas,2021,3,2021T3,2021-09-30,132.53,8.76
28,Tamaulipas,2021,4,2021T4,2021-12-31,133.5,7.41
28,Tamaulipas,2022,1,2022T1,2022-03-31,135.87,6.09
28,Tamaulipas,2022,2,2022T2,2022-06-30,139.42,6.49
28,Tamaulipas,2022,3,2022T3,2022-09-30,143.74,8.46
28,Tamaulipas,2022,4,2022T4,2022-12-31,147.32,10.35
28,Tamaulipas,2023,1,2023T1,2023-03-31,151.66,11.62
28,Tamaulipas,2023,2,2023T2,2023-06-30,155.24,11.35
28,Tamaulipas,2023,3,2023T3,2023-09-30,158.35,10.16
28,Tamaulipas,2023,4,2023T4,2023-12-31,161.58,9.68
28,Tamaulipas,2024,1,2024T1,2024-03-31,165.77,9.3
28,Tamaulipas,2024,2,2024T2,2024-06-30,168.87,8.78
28,Tamaulipas,2024,3,2024T3,2024-09-30,172.25,8.78
28,Tamaulipas,2024,4,2024T4,2024-12-31,175.54,8.64
28,Tamaulipas,2025,1,2025T1,2025-03-31,179.43,8.24
28,Tamaulipas,2025,2,2025T2,2025-06-30,184.51,9.26
28,Tamaulipas,2025,3,2025T3,2025-09-30,188.29,9.31
28,Tamaulipas,2025,4,2025T4,2025-12-31,190.8,8.69
28,Tamaulipas,2026,1,2026T1,2026-03-31,199.29,11.07
28,Tamaulipas,2026,2,2026T2,2026-06-30,207.52,12.47
29,Tlaxcala,2005,1,2005T1,2005-03-31,53.69,
29,Tlaxcala,2005,2,2005T2,2005-06-30,54.07,
29,Tlaxcala,2005,3,2005T3,2005-09-30,54.67,
29,Tlaxcala,2005,4,2005T4,2005-12-31,54.44,
29,Tlaxcala,2006,1,2006T1,2006-03-31,56.16,4.6
29,Tlaxcala,2006,2,2006T2,2006-06-30,57.24,5.86
29,Tlaxcala,2006,3,2006T3,2006-09-30,57.83,5.78
29,Tlaxcala,2006,4,2006T4,2006-12-31,57.53,5.68
29,Tlaxcala,2007,1,2007T1,2007-03-31,59.41,5.79
29,Tlaxcala,2007,2,2007T2,2007-06-30,60.64,5.94
29,Tlaxcala,2007,3,2007T3,2007-09-30,61.09,5.64
29,Tlaxcala,2007,4,2007T4,2007-12-31,60.25,4.73
29,Tlaxcala,2008,1,2008T1,2008-03-31,61.82,4.06
29,Tlaxcala,2008,2,2008T2,2008-06-30,62.63,3.28
29,Tlaxcala,2008,3,2008T3,2008-09-30,63.13,3.34
29,Tlaxcala,2008,4,2008T4,2008-12-31,62.91,4.41
29,Tlaxcala,2009,1,2009T1,2009-03-31,63.21,2.25
29,Tlaxcala,2009,2,2009T2,2009-06-30,63.82,1.9
29,Tlaxcala,2009,3,2009T3,2009-09-30,63.99,1.36
29,Tlaxcala,2009,4,2009T4,2009-12-31,63.72,1.29
29,Tlaxcala,2010,1,2010T1,2010-03-31,63.82,0.97
29,Tlaxcala,2010,2,2010T2,2010-06-30,64.53,1.11
29,Tlaxcala,2010,3,2010T3,2010-09-30,65.6,2.52
29,Tlaxcala,2010,4,2010T4,2010-12-31,66.39,4.19
29,Tlaxcala,2011,1,2011T1,2011-03-31,67.88,6.36
29,Tlaxcala,2011,2,2011T2,2011-06-30,69.04,6.99
29,Tlaxcala,2011,3,2011T3,2011-09-30,69.58,6.07
29,Tlaxcala,2011,4,2011T4,2011-12-31,70.2,5.74
29,Tlaxcala,2012,1,2012T1,2012-03-31,70.58,3.98
29,Tlaxcala,2012,2,2012T2,2012-06-30,71.23,3.17
29,Tlaxcala,2012,3,2012T3,2012-09-30,72.07,3.58
29,Tlaxcala,2012,4,2012T4,2012-12-31,72.65,3.49
29,Tlaxcala,2013,1,2013T1,2013-03-31,74.1,4.99
29,Tlaxcala,2013,2,2013T2,2013-06-30,75.95,6.63
29,Tlaxcala,2013,3,2013T3,2013-09-30,77.16,7.06
29,Tlaxcala,2013,4,2013T4,2013-12-31,78.19,7.63
29,Tlaxcala,2014,1,2014T1,2014-03-31,79.82,7.72
29,Tlaxcala,2014,2,2014T2,2014-06-30,80.59,6.11
29,Tlaxcala,2014,3,2014T3,2014-09-30,81.84,6.07
29,Tlaxcala,2014,4,2014T4,2014-12-31,83.53,6.83
29,Tlaxcala,2015,1,2015T1,2015-03-31,85.2,6.74
29,Tlaxcala,2015,2,2015T2,2015-06-30,88.13,9.36
29,Tlaxcala,2015,3,2015T3,2015-09-30,90.62,10.73
29,Tlaxcala,2015,4,2015T4,2015-12-31,91.05,9.0
29,Tlaxcala,2016,1,2016T1,2016-03-31,91.68,7.61
29,Tlaxcala,2016,2,2016T2,2016-06-30,93.3,5.87
29,Tlaxcala,2016,3,2016T3,2016-09-30,94.36,4.13
29,Tlaxcala,2016,4,2016T4,2016-12-31,95.19,4.55
29,Tlaxcala,2017,1,2017T1,2017-03-31,97.64,6.5
29,Tlaxcala,2017,2,2017T2,2017-06-30,99.32,6.45
29,Tlaxcala,2017,3,2017T3,2017-09-30,100.92,6.95
29,Tlaxcala,2017,4,2017T4,2017-12-31,102.12,7.28
29,Tlaxcala,2018,1,2018T1,2018-03-31,104.18,6.7
29,Tlaxcala,2018,2,2018T2,2018-06-30,105.78,6.5
29,Tlaxcala,2018,3,2018T3,2018-09-30,107.5,6.52
29,Tlaxcala,2018,4,2018T4,2018-12-31,109.42,7.15
29,Tlaxcala,2019,1,2019T1,2019-03-31,111.33,6.86
29,Tlaxcala,2019,2,2019T2,2019-06-30,112.95,6.78
29,Tlaxcala,2019,3,2019T3,2019-09-30,114.2,6.23
29,Tlaxcala,2019,4,2019T4,2019-12-31,114.99,5.09
29,Tlaxcala,2020,1,2020T1,2020-03-31,116.61,4.74
29,Tlaxcala,2020,2,2020T2,2020-06-30,118.21,4.66
29,Tlaxcala,2020,3,2020T3,2020-09-30,119.49,4.63
29,Tlaxcala,2020,4,2020T4,2020-12-31,121.38,5.56
29,Tlaxcala,2021,1,2021T1,2021-03-31,124.77,7.0
29,Tlaxcala,2021,2,2021T2,2021-06-30,127.46,7.83
29,Tlaxcala,2021,3,2021T3,2021-09-30,129.02,7.98
29,Tlaxcala,2021,4,2021T4,2021-12-31,129.96,7.07
29,Tlaxcala,2022,1,2022T1,2022-03-31,132.04,5.83
29,Tlaxcala,2022,2,2022T2,2022-06-30,135.04,5.95
29,Tlaxcala,2022,3,2022T3,2022-09-30,138.7,7.5
29,Tlaxcala,2022,4,2022T4,2022-12-31,141.71,9.04
29,Tlaxcala,2023,1,2023T1,2023-03-31,144.1,9.13
29,Tlaxcala,2023,2,2023T2,2023-06-30,144.4,6.93
29,Tlaxcala,2023,3,2023T3,2023-09-30,143.46,3.43
29,Tlaxcala,2023,4,2023T4,2023-12-31,140.98,-0.52
29,Tlaxcala,2024,1,2024T1,2024-03-31,149.52,3.76
29,Tlaxcala,2024,2,2024T2,2024-06-30,157.23,8.89
29,Tlaxcala,2024,3,2024T3,2024-09-30,162.75,13.45
29,Tlaxcala,2024,4,2024T4,2024-12-31,167.04,18.48
29,Tlaxcala,2025,1,2025T1,2025-03-31,170.05,13.73
29,Tlaxcala,2025,2,2025T2,2025-06-30,173.0,10.03
29,Tlaxcala,2025,3,2025T3,2025-09-30,174.92,7.48
29,Tlaxcala,2025,4,2025T4,2025-12-31,175.55,5.09
29,Tlaxcala,2026,1,2026T1,2026-03-31,178.12,4.75
29,Tlaxcala,2026,2,2026T2,2026-06-30,180.89,4.56
30,Veracruz,2005,1,2005T1,2005-03-31,52.19,
30,Veracruz,2005,2,2005T2,2005-06-30,52.88,
30,Veracruz,2005,3,2005T3,2005-09-30,53.5,
30,Veracruz,2005,4,2005T4,2005-12-31,53.19,
30,Veracruz,2006,1,2006T1,2006-03-31,54.41,4.25
30,Veracruz,2006,2,2006T2,2006-06-30,55.47,4.9
30,Veracruz,2006,3,2006T3,2006-09-30,56.06,4.79
30,Veracruz,2006,4,2006T4,2006-12-31,56.03,5.34
30,Veracruz,2007,1,2007T1,2007-03-31,57.4,5.5
30,Veracruz,2007,2,2007T2,2007-06-30,58.7,5.82
30,Veracruz,2007,3,2007T3,2007-09-30,59.34,5.85
30,Veracruz,2007,4,2007T4,2007-12-31,58.83,5.0
30,Veracruz,2008,1,2008T1,2008-03-31,59.82,4.22
30,Veracruz,2008,2,2008T2,2008-06-30,61.04,3.99
30,Veracruz,2008,3,2008T3,2008-09-30,62.11,4.67
30,Veracruz,2008,4,2008T4,2008-12-31,62.37,6.02
30,Veracruz,2009,1,2009T1,2009-03-31,63.1,5.48
30,Veracruz,2009,2,2009T2,2009-06-30,64.14,5.08
30,Veracruz,2009,3,2009T3,2009-09-30,64.73,4.22
30,Veracruz,2009,4,2009T4,2009-12-31,65.09,4.36
30,Veracruz,2010,1,2010T1,2010-03-31,65.5,3.8
30,Veracruz,2010,2,2010T2,2010-06-30,66.3,3.37
30,Veracruz,2010,3,2010T3,2010-09-30,67.4,4.12
30,Veracruz,2010,4,2010T4,2010-12-31,68.44,5.15
30,Veracruz,2011,1,2011T1,2011-03-31,70.26,7.27
30,Veracruz,2011,2,2011T2,2011-06-30,71.58,7.96
30,Veracruz,2011,3,2011T3,2011-09-30,72.35,7.34
30,Veracruz,2011,4,2011T4,2011-12-31,73.05,6.74
30,Veracruz,2012,1,2012T1,2012-03-31,73.65,4.82
30,Veracruz,2012,2,2012T2,2012-06-30,74.61,4.23
30,Veracruz,2012,3,2012T3,2012-09-30,75.71,4.64
30,Veracruz,2012,4,2012T4,2012-12-31,76.51,4.74
30,Veracruz,2013,1,2013T1,2013-03-31,77.79,5.62
30,Veracruz,2013,2,2013T2,2013-06-30,79.25,6.22
30,Veracruz,2013,3,2013T3,2013-09-30,80.29,6.05
30,Veracruz,2013,4,2013T4,2013-12-31,81.0,5.87
30,Veracruz,2014,1,2014T1,2014-03-31,82.11,5.55
30,Veracruz,2014,2,2014T2,2014-06-30,82.34,3.9
30,Veracruz,2014,3,2014T3,2014-09-30,82.92,3.28
30,Veracruz,2014,4,2014T4,2014-12-31,84.12,3.85
30,Veracruz,2015,1,2015T1,2015-03-31,85.6,4.25
30,Veracruz,2015,2,2015T2,2015-06-30,88.66,7.68
30,Veracruz,2015,3,2015T3,2015-09-30,91.27,10.07
30,Veracruz,2015,4,2015T4,2015-12-31,92.06,9.44
30,Veracruz,2016,1,2016T1,2016-03-31,92.92,8.55
30,Veracruz,2016,2,2016T2,2016-06-30,94.4,6.47
30,Veracruz,2016,3,2016T3,2016-09-30,95.41,4.54
30,Veracruz,2016,4,2016T4,2016-12-31,95.99,4.27
30,Veracruz,2017,1,2017T1,2017-03-31,98.03,5.5
30,Veracruz,2017,2,2017T2,2017-06-30,99.39,5.29
30,Veracruz,2017,3,2017T3,2017-09-30,100.7,5.54
30,Veracruz,2017,4,2017T4,2017-12-31,101.88,6.14
30,Veracruz,2018,1,2018T1,2018-03-31,104.0,6.09
30,Veracruz,2018,2,2018T2,2018-06-30,105.71,6.36
30,Veracruz,2018,3,2018T3,2018-09-30,107.52,6.77
30,Veracruz,2018,4,2018T4,2018-12-31,109.08,7.07
30,Veracruz,2019,1,2019T1,2019-03-31,110.95,6.68
30,Veracruz,2019,2,2019T2,2019-06-30,112.71,6.62
30,Veracruz,2019,3,2019T3,2019-09-30,114.0,6.03
30,Veracruz,2019,4,2019T4,2019-12-31,115.11,5.53
30,Veracruz,2020,1,2020T1,2020-03-31,116.85,5.32
30,Veracruz,2020,2,2020T2,2020-06-30,118.55,5.18
30,Veracruz,2020,3,2020T3,2020-09-30,119.99,5.25
30,Veracruz,2020,4,2020T4,2020-12-31,121.79,5.8
30,Veracruz,2021,1,2021T1,2021-03-31,126.12,7.93
30,Veracruz,2021,2,2021T2,2021-06-30,130.01,9.67
30,Veracruz,2021,3,2021T3,2021-09-30,132.62,10.53
30,Veracruz,2021,4,2021T4,2021-12-31,134.61,10.53
30,Veracruz,2022,1,2022T1,2022-03-31,137.37,8.92
30,Veracruz,2022,2,2022T2,2022-06-30,141.0,8.45
30,Veracruz,2022,3,2022T3,2022-09-30,145.6,9.79
30,Veracruz,2022,4,2022T4,2022-12-31,149.25,10.88
30,Veracruz,2023,1,2023T1,2023-03-31,153.12,11.47
30,Veracruz,2023,2,2023T2,2023-06-30,155.99,10.63
30,Veracruz,2023,3,2023T3,2023-09-30,158.07,8.56
30,Veracruz,2023,4,2023T4,2023-12-31,160.68,7.66
30,Veracruz,2024,1,2024T1,2024-03-31,165.13,7.84
30,Veracruz,2024,2,2024T2,2024-06-30,168.49,8.01
30,Veracruz,2024,3,2024T3,2024-09-30,171.8,8.69
30,Veracruz,2024,4,2024T4,2024-12-31,174.49,8.59
30,Veracruz,2025,1,2025T1,2025-03-31,177.95,7.76
30,Veracruz,2025,2,2025T2,2025-06-30,182.05,8.05
30,Veracruz,2025,3,2025T3,2025-09-30,185.32,7.87
30,Veracruz,2025,4,2025T4,2025-12-31,187.46,7.43
30,Veracruz,2026,1,2026T1,2026-03-31,190.23,6.9
30,Veracruz,2026,2,2026T2,2026-06-30,191.88,5.4
31,Yucatán,2005,1,2005T1,2005-03-31,44.97,
31,Yucatán,2005,2,2005T2,2005-06-30,46.75,
31,Yucatán,2005,3,2005T3,2005-09-30,48.02,
31,Yucatán,2005,4,2005T4,2005-12-31,47.76,
31,Yucatán,2006,1,2006T1,2006-03-31,49.08,9.14
31,Yucatán,2006,2,2006T2,2006-06-30,50.5,8.02
31,Yucatán,2006,3,2006T3,2006-09-30,51.19,6.6
31,Yucatán,2006,4,2006T4,2006-12-31,51.35,7.52
31,Yucatán,2007,1,2007T1,2007-03-31,52.64,7.25
31,Yucatán,2007,2,2007T2,2007-06-30,54.29,7.5
31,Yucatán,2007,3,2007T3,2007-09-30,55.47,8.36
31,Yucatán,2007,4,2007T4,2007-12-31,55.71,8.49
31,Yucatán,2008,1,2008T1,2008-03-31,56.9,8.09
31,Yucatán,2008,2,2008T2,2008-06-30,58.94,8.57
31,Yucatán,2008,3,2008T3,2008-09-30,60.99,9.95
31,Yucatán,2008,4,2008T4,2008-12-31,62.31,11.85
31,Yucatán,2009,1,2009T1,2009-03-31,64.08,12.62
31,Yucatán,2009,2,2009T2,2009-06-30,64.9,10.11
31,Yucatán,2009,3,2009T3,2009-09-30,65.34,7.13
31,Yucatán,2009,4,2009T4,2009-12-31,65.6,5.28
31,Yucatán,2010,1,2010T1,2010-03-31,65.74,2.59
31,Yucatán,2010,2,2010T2,2010-06-30,66.58,2.59
31,Yucatán,2010,3,2010T3,2010-09-30,67.5,3.31
31,Yucatán,2010,4,2010T4,2010-12-31,68.53,4.47
31,Yucatán,2011,1,2011T1,2011-03-31,69.98,6.45
31,Yucatán,2011,2,2011T2,2011-06-30,70.96,6.58
31,Yucatán,2011,3,2011T3,2011-09-30,71.54,5.99
31,Yucatán,2011,4,2011T4,2011-12-31,71.95,4.99
31,Yucatán,2012,1,2012T1,2012-03-31,72.16,3.12
31,Yucatán,2012,2,2012T2,2012-06-30,72.63,2.35
31,Yucatán,2012,3,2012T3,2012-09-30,73.12,2.21
31,Yucatán,2012,4,2012T4,2012-12-31,73.66,2.38
31,Yucatán,2013,1,2013T1,2013-03-31,74.97,3.89
31,Yucatán,2013,2,2013T2,2013-06-30,76.28,5.03
31,Yucatán,2013,3,2013T3,2013-09-30,77.55,6.06
31,Yucatán,2013,4,2013T4,2013-12-31,78.03,5.93
31,Yucatán,2014,1,2014T1,2014-03-31,78.95,5.31
31,Yucatán,2014,2,2014T2,2014-06-30,79.3,3.96
31,Yucatán,2014,3,2014T3,2014-09-30,79.56,2.59
31,Yucatán,2014,4,2014T4,2014-12-31,80.52,3.19
31,Yucatán,2015,1,2015T1,2015-03-31,81.75,3.55
31,Yucatán,2015,2,2015T2,2015-06-30,84.81,6.95
31,Yucatán,2015,3,2015T3,2015-09-30,87.54,10.03
31,Yucatán,2015,4,2015T4,2015-12-31,88.81,10.3
31,Yucatán,2016,1,2016T1,2016-03-31,90.31,10.47
31,Yucatán,2016,2,2016T2,2016-06-30,92.12,8.62
31,Yucatán,2016,3,2016T3,2016-09-30,93.74,7.08
31,Yucatán,2016,4,2016T4,2016-12-31,95.01,6.98
31,Yucatán,2017,1,2017T1,2017-03-31,97.56,8.03
31,Yucatán,2017,2,2017T2,2017-06-30,99.41,7.91
31,Yucatán,2017,3,2017T3,2017-09-30,100.85,7.58
31,Yucatán,2017,4,2017T4,2017-12-31,102.17,7.54
31,Yucatán,2018,1,2018T1,2018-03-31,104.84,7.46
31,Yucatán,2018,2,2018T2,2018-06-30,107.09,7.73
31,Yucatán,2018,3,2018T3,2018-09-30,109.58,8.66
31,Yucatán,2018,4,2018T4,2018-12-31,111.9,9.52
31,Yucatán,2019,1,2019T1,2019-03-31,114.48,9.19
31,Yucatán,2019,2,2019T2,2019-06-30,117.05,9.3
31,Yucatán,2019,3,2019T3,2019-09-30,119.2,8.78
31,Yucatán,2019,4,2019T4,2019-12-31,120.99,8.12
31,Yucatán,2020,1,2020T1,2020-03-31,123.24,7.65
31,Yucatán,2020,2,2020T2,2020-06-30,124.83,6.65
31,Yucatán,2020,3,2020T3,2020-09-30,126.55,6.17
31,Yucatán,2020,4,2020T4,2020-12-31,129.07,6.68
31,Yucatán,2021,1,2021T1,2021-03-31,132.44,7.47
31,Yucatán,2021,2,2021T2,2021-06-30,135.55,8.59
31,Yucatán,2021,3,2021T3,2021-09-30,137.87,8.95
31,Yucatán,2021,4,2021T4,2021-12-31,139.59,8.15
31,Yucatán,2022,1,2022T1,2022-03-31,142.8,7.82
31,Yucatán,2022,2,2022T2,2022-06-30,147.04,8.48
31,Yucatán,2022,3,2022T3,2022-09-30,151.64,9.99
31,Yucatán,2022,4,2022T4,2022-12-31,154.57,10.73
31,Yucatán,2023,1,2023T1,2023-03-31,159.15,11.45
31,Yucatán,2023,2,2023T2,2023-06-30,163.25,11.02
31,Yucatán,2023,3,2023T3,2023-09-30,166.49,9.79
31,Yucatán,2023,4,2023T4,2023-12-31,169.95,9.95
31,Yucatán,2024,1,2024T1,2024-03-31,174.53,9.66
31,Yucatán,2024,2,2024T2,2024-06-30,178.76,9.5
31,Yucatán,2024,3,2024T3,2024-09-30,183.47,10.2
31,Yucatán,2024,4,2024T4,2024-12-31,187.44,10.29
31,Yucatán,2025,1,2025T1,2025-03-31,193.01,10.59
31,Yucatán,2025,2,2025T2,2025-06-30,199.27,11.47
31,Yucatán,2025,3,2025T3,2025-09-30,204.6,11.52
31,Yucatán,2025,4,2025T4,2025-12-31,209.08,11.55
31,Yucatán,2026,1,2026T1,2026-03-31,213.2,10.46
31,Yucatán,2026,2,2026T2,2026-06-30,216.59,8.69
32,Zacatecas,2005,1,2005T1,2005-03-31,47.34,
32,Zacatecas,2005,2,2005T2,2005-06-30,49.21,
32,Zacatecas,2005,3,2005T3,2005-09-30,50.69,
32,Zacatecas,2005,4,2005T4,2005-12-31,50.78,
32,Zacatecas,2006,1,2006T1,2006-03-31,51.27,8.3
32,Zacatecas,2006,2,2006T2,2006-06-30,53.1,7.9
32,Zacatecas,2006,3,2006T3,2006-09-30,54.26,7.04
32,Zacatecas,2006,4,2006T4,2006-12-31,54.59,7.5
32,Zacatecas,2007,1,2007T1,2007-03-31,54.71,6.71
32,Zacatecas,2007,2,2007T2,2007-06-30,56.68,6.74
32,Zacatecas,2007,3,2007T3,2007-09-30,58.14,7.15
32,Zacatecas,2007,4,2007T4,2007-12-31,58.52,7.2
32,Zacatecas,2008,1,2008T1,2008-03-31,58.03,6.07
32,Zacatecas,2008,2,2008T2,2008-06-30,60.54,6.81
32,Zacatecas,2008,3,2008T3,2008-09-30,62.72,7.88
32,Zacatecas,2008,4,2008T4,2008-12-31,64.54,10.29
32,Zacatecas,2009,1,2009T1,2009-03-31,66.25,14.17
32,Zacatecas,2009,2,2009T2,2009-06-30,66.77,10.29
32,Zacatecas,2009,3,2009T3,2009-09-30,66.98,6.79
32,Zacatecas,2009,4,2009T4,2009-12-31,66.83,3.55
32,Zacatecas,2010,1,2010T1,2010-03-31,66.98,1.1
32,Zacatecas,2010,2,2010T2,2010-06-30,67.84,1.6
32,Zacatecas,2010,3,2010T3,2010-09-30,68.88,2.84
32,Zacatecas,2010,4,2010T4,2010-12-31,69.85,4.52
32,Zacatecas,2011,1,2011T1,2011-03-31,70.92,5.88
32,Zacatecas,2011,2,2011T2,2011-06-30,71.65,5.62
32,Zacatecas,2011,3,2011T3,2011-09-30,72.02,4.56
32,Zacatecas,2011,4,2011T4,2011-12-31,72.1,3.22
32,Zacatecas,2012,1,2012T1,2012-03-31,72.41,2.1
32,Zacatecas,2012,2,2012T2,2012-06-30,73.16,2.11
32,Zacatecas,2012,3,2012T3,2012-09-30,73.86,2.55
32,Zacatecas,2012,4,2012T4,2012-12-31,74.62,3.5
32,Zacatecas,2013,1,2013T1,2013-03-31,76.01,4.97
32,Zacatecas,2013,2,2013T2,2013-06-30,77.27,5.62
32,Zacatecas,2013,3,2013T3,2013-09-30,78.36,6.09
32,Zacatecas,2013,4,2013T4,2013-12-31,78.82,5.63
32,Zacatecas,2014,1,2014T1,2014-03-31,79.76,4.93
32,Zacatecas,2014,2,2014T2,2014-06-30,80.17,3.75
32,Zacatecas,2014,3,2014T3,2014-09-30,80.82,3.14
32,Zacatecas,2014,4,2014T4,2014-12-31,82.13,4.2
32,Zacatecas,2015,1,2015T1,2015-03-31,83.54,4.74
32,Zacatecas,2015,2,2015T2,2015-06-30,86.49,7.88
32,Zacatecas,2015,3,2015T3,2015-09-30,89.04,10.17
32,Zacatecas,2015,4,2015T4,2015-12-31,89.86,9.41
32,Zacatecas,2016,1,2016T1,2016-03-31,90.99,8.92
32,Zacatecas,2016,2,2016T2,2016-06-30,92.67,7.15
32,Zacatecas,2016,3,2016T3,2016-09-30,94.06,5.64
32,Zacatecas,2016,4,2016T4,2016-12-31,95.01,5.73
32,Zacatecas,2017,1,2017T1,2017-03-31,97.46,7.11
32,Zacatecas,2017,2,2017T2,2017-06-30,99.26,7.11
32,Zacatecas,2017,3,2017T3,2017-09-30,100.83,7.2
32,Zacatecas,2017,4,2017T4,2017-12-31,102.45,7.83
32,Zacatecas,2018,1,2018T1,2018-03-31,105.05,7.79
32,Zacatecas,2018,2,2018T2,2018-06-30,107.24,8.04
32,Zacatecas,2018,3,2018T3,2018-09-30,109.44,8.54
32,Zacatecas,2018,4,2018T4,2018-12-31,111.42,8.76
32,Zacatecas,2019,1,2019T1,2019-03-31,113.82,8.35
32,Zacatecas,2019,2,2019T2,2019-06-30,116.11,8.27
32,Zacatecas,2019,3,2019T3,2019-09-30,117.91,7.74
32,Zacatecas,2019,4,2019T4,2019-12-31,119.17,6.96
32,Zacatecas,2020,1,2020T1,2020-03-31,121.05,6.35
32,Zacatecas,2020,2,2020T2,2020-06-30,122.17,5.22
32,Zacatecas,2020,3,2020T3,2020-09-30,123.42,4.67
32,Zacatecas,2020,4,2020T4,2020-12-31,125.27,5.12
32,Zacatecas,2021,1,2021T1,2021-03-31,128.07,5.8
32,Zacatecas,2021,2,2021T2,2021-06-30,129.94,6.36
32,Zacatecas,2021,3,2021T3,2021-09-30,130.51,5.74
32,Zacatecas,2021,4,2021T4,2021-12-31,130.55,4.21
32,Zacatecas,2022,1,2022T1,2022-03-31,132.72,3.63
32,Zacatecas,2022,2,2022T2,2022-06-30,136.37,4.95
32,Zacatecas,2022,3,2022T3,2022-09-30,140.71,7.82
32,Zacatecas,2022,4,2022T4,2022-12-31,144.36,10.58
32,Zacatecas,2023,1,2023T1,2023-03-31,147.89,11.43
32,Zacatecas,2023,2,2023T2,2023-06-30,149.19,9.4
32,Zacatecas,2023,3,2023T3,2023-09-30,150.22,6.76
32,Zacatecas,2023,4,2023T4,2023-12-31,151.89,5.22
32,Zacatecas,2024,1,2024T1,2024-03-31,156.08,5.54
32,Zacatecas,2024,2,2024T2,2024-06-30,160.6,7.65
32,Zacatecas,2024,3,2024T3,2024-09-30,164.89,9.77
32,Zacatecas,2024,4,2024T4,2024-12-31,168.1,10.67
32,Zacatecas,2025,1,2025T1,2025-03-31,171.1,9.62
32,Zacatecas,2025,2,2025T2,2025-06-30,173.78,8.21
32,Zacatecas,2025,3,2025T3,2025-09-30,176.02,6.75
32,Zacatecas,2025,4,2025T4,2025-12-31,177.4,5.53
32,Zacatecas,2026,1,2026T1,2026-03-31,180.57,5.53
32,Zacatecas,2026,2,2026T2,2026-06-30,184.42,6.12
